file,r,trait,mode,rand,cv
akw_add_ran10_cv1.ghatREL1,0.619775069050122,akw,add,10,1
akw_add_ran10_cv2.ghatREL1,0.593367526190162,akw,add,10,2
akw_add_ran10_cv3.ghatREL1,0.234919527218656,akw,add,10,3
akw_add_ran10_cv4.ghatREL1,0.772762059643499,akw,add,10,4
akw_add_ran10_cv5.ghatREL1,0.662050598354548,akw,add,10,5
akw_add_ran11_cv1.ghatREL1,0.751442301746346,akw,add,11,1
akw_add_ran11_cv2.ghatREL1,0.739807516353761,akw,add,11,2
akw_add_ran11_cv3.ghatREL1,0.691397339892463,akw,add,11,3
akw_add_ran11_cv4.ghatREL1,0.652939994849001,akw,add,11,4
akw_add_ran11_cv5.ghatREL1,0.624981621557586,akw,add,11,5
akw_add_ran12_cv1.ghatREL1,0.405426391400201,akw,add,12,1
akw_add_ran12_cv2.ghatREL1,0.775883727547409,akw,add,12,2
akw_add_ran12_cv3.ghatREL1,0.575563459455694,akw,add,12,3
akw_add_ran12_cv4.ghatREL1,0.739438518479544,akw,add,12,4
akw_add_ran12_cv5.ghatREL1,0.53156473665716,akw,add,12,5
akw_add_ran13_cv1.ghatREL1,0.671001182839511,akw,add,13,1
akw_add_ran13_cv2.ghatREL1,0.490967529448851,akw,add,13,2
akw_add_ran13_cv3.ghatREL1,0.700305545904288,akw,add,13,3
akw_add_ran13_cv4.ghatREL1,0.679591353037391,akw,add,13,4
akw_add_ran13_cv5.ghatREL1,0.315818995851962,akw,add,13,5
akw_add_ran14_cv1.ghatREL1,0.520535779190041,akw,add,14,1
akw_add_ran14_cv2.ghatREL1,0.562747890983889,akw,add,14,2
akw_add_ran14_cv3.ghatREL1,0.330062450212062,akw,add,14,3
akw_add_ran14_cv4.ghatREL1,0.598113916382837,akw,add,14,4
akw_add_ran14_cv5.ghatREL1,0.606680543195414,akw,add,14,5
akw_add_ran15_cv1.ghatREL1,0.671531522306524,akw,add,15,1
akw_add_ran15_cv2.ghatREL1,0.707721014657268,akw,add,15,2
akw_add_ran15_cv3.ghatREL1,0.744078376342777,akw,add,15,3
akw_add_ran15_cv4.ghatREL1,0.419322407417622,akw,add,15,4
akw_add_ran15_cv5.ghatREL1,0.575715868247324,akw,add,15,5
akw_add_ran16_cv1.ghatREL1,0.503370266129914,akw,add,16,1
akw_add_ran16_cv2.ghatREL1,0.661272443335652,akw,add,16,2
akw_add_ran16_cv3.ghatREL1,0.757028509953773,akw,add,16,3
akw_add_ran16_cv4.ghatREL1,0.595355055595332,akw,add,16,4
akw_add_ran16_cv5.ghatREL1,0.643844750046366,akw,add,16,5
akw_add_ran17_cv1.ghatREL1,0.658077864215604,akw,add,17,1
akw_add_ran17_cv2.ghatREL1,0.713486919124656,akw,add,17,2
akw_add_ran17_cv3.ghatREL1,0.69843781931238,akw,add,17,3
akw_add_ran17_cv4.ghatREL1,0.398934465247189,akw,add,17,4
akw_add_ran17_cv5.ghatREL1,0.624839869345437,akw,add,17,5
akw_add_ran18_cv1.ghatREL1,0.835224821318784,akw,add,18,1
akw_add_ran18_cv2.ghatREL1,0.774325559285658,akw,add,18,2
akw_add_ran18_cv3.ghatREL1,0.670189717355751,akw,add,18,3
akw_add_ran18_cv4.ghatREL1,0.360825689687752,akw,add,18,4
akw_add_ran18_cv5.ghatREL1,0.639792767792431,akw,add,18,5
akw_add_ran19_cv1.ghatREL1,0.576869745921803,akw,add,19,1
akw_add_ran19_cv2.ghatREL1,0.530440489319336,akw,add,19,2
akw_add_ran19_cv3.ghatREL1,0.57887824418889,akw,add,19,3
akw_add_ran19_cv4.ghatREL1,0.667111884780479,akw,add,19,4
akw_add_ran19_cv5.ghatREL1,0.705316904331201,akw,add,19,5
akw_add_ran1_cv1.ghatREL1,0.315818995851962,akw,add,1,1
akw_add_ran1_cv2.ghatREL1,0.72621745526897,akw,add,1,2
akw_add_ran1_cv3.ghatREL1,0.665589127867181,akw,add,1,3
akw_add_ran1_cv4.ghatREL1,0.497328289289861,akw,add,1,4
akw_add_ran1_cv5.ghatREL1,0.523441768006782,akw,add,1,5
akw_add_ran20_cv1.ghatREL1,0.538283590282764,akw,add,20,1
akw_add_ran20_cv2.ghatREL1,0.779173873960576,akw,add,20,2
akw_add_ran20_cv3.ghatREL1,0.680823062888005,akw,add,20,3
akw_add_ran20_cv4.ghatREL1,0.62111479225873,akw,add,20,4
akw_add_ran20_cv5.ghatREL1,0.443983215216052,akw,add,20,5
akw_add_ran2_cv1.ghatREL1,0.702009517251481,akw,add,2,1
akw_add_ran2_cv2.ghatREL1,0.554726714702001,akw,add,2,2
akw_add_ran2_cv3.ghatREL1,0.71162024859388,akw,add,2,3
akw_add_ran2_cv4.ghatREL1,0.691774889956118,akw,add,2,4
akw_add_ran2_cv5.ghatREL1,0.543839676819261,akw,add,2,5
akw_add_ran3_cv1.ghatREL1,0.434013627022117,akw,add,3,1
akw_add_ran3_cv2.ghatREL1,0.640568308620306,akw,add,3,2
akw_add_ran3_cv3.ghatREL1,0.675654672041229,akw,add,3,3
akw_add_ran3_cv4.ghatREL1,0.700138295505229,akw,add,3,4
akw_add_ran3_cv5.ghatREL1,0.554298735191148,akw,add,3,5
akw_add_ran4_cv1.ghatREL1,0.672832986805971,akw,add,4,1
akw_add_ran4_cv2.ghatREL1,0.641271728159201,akw,add,4,2
akw_add_ran4_cv3.ghatREL1,0.524821461909305,akw,add,4,3
akw_add_ran4_cv4.ghatREL1,0.668595113484191,akw,add,4,4
akw_add_ran4_cv5.ghatREL1,0.634780135807594,akw,add,4,5
akw_add_ran5_cv1.ghatREL1,0.426568637497872,akw,add,5,1
akw_add_ran5_cv2.ghatREL1,0.632757768455686,akw,add,5,2
akw_add_ran5_cv3.ghatREL1,0.658807024237758,akw,add,5,3
akw_add_ran5_cv4.ghatREL1,0.514730589923408,akw,add,5,4
akw_add_ran5_cv5.ghatREL1,0.652869863386581,akw,add,5,5
akw_add_ran6_cv1.ghatREL1,0.601735293405993,akw,add,6,1
akw_add_ran6_cv2.ghatREL1,0.720292987576169,akw,add,6,2
akw_add_ran6_cv3.ghatREL1,0.686016849061416,akw,add,6,3
akw_add_ran6_cv4.ghatREL1,0.537617622722975,akw,add,6,4
akw_add_ran6_cv5.ghatREL1,0.669495754369653,akw,add,6,5
akw_add_ran7_cv1.ghatREL1,0.702902326122614,akw,add,7,1
akw_add_ran7_cv2.ghatREL1,0.708806228116874,akw,add,7,2
akw_add_ran7_cv3.ghatREL1,0.575197944849038,akw,add,7,3
akw_add_ran7_cv4.ghatREL1,0.744885069219069,akw,add,7,4
akw_add_ran7_cv5.ghatREL1,0.707035977992511,akw,add,7,5
akw_add_ran8_cv1.ghatREL1,0.670789931289568,akw,add,8,1
akw_add_ran8_cv2.ghatREL1,0.690604583396323,akw,add,8,2
akw_add_ran8_cv3.ghatREL1,0.663012884166907,akw,add,8,3
akw_add_ran8_cv4.ghatREL1,0.664107776542088,akw,add,8,4
akw_add_ran8_cv5.ghatREL1,0.513200810660356,akw,add,8,5
akw_add_ran9_cv1.ghatREL1,0.636857833706164,akw,add,9,1
akw_add_ran9_cv2.ghatREL1,0.41023971840712,akw,add,9,2
akw_add_ran9_cv3.ghatREL1,0.619066958893048,akw,add,9,3
akw_add_ran9_cv4.ghatREL1,0.597713397483534,akw,add,9,4
akw_add_ran9_cv5.ghatREL1,0.618399533077471,akw,add,9,5
akw_dom_ran10_cv1.ghatREL1,0.731682026301172,akw,dom,10,1
akw_dom_ran10_cv2.ghatREL1,0.638166417243576,akw,dom,10,2
akw_dom_ran10_cv3.ghatREL1,0.446121861260421,akw,dom,10,3
akw_dom_ran10_cv4.ghatREL1,0.793322958528336,akw,dom,10,4
akw_dom_ran10_cv5.ghatREL1,0.726190276623716,akw,dom,10,5
akw_dom_ran11_cv1.ghatREL1,0.798598708285464,akw,dom,11,1
akw_dom_ran11_cv2.ghatREL1,0.827629194374772,akw,dom,11,2
akw_dom_ran11_cv3.ghatREL1,0.732212906620128,akw,dom,11,3
akw_dom_ran11_cv4.ghatREL1,0.728151999475294,akw,dom,11,4
akw_dom_ran11_cv5.ghatREL1,0.785195510487587,akw,dom,11,5
akw_dom_ran12_cv1.ghatREL1,0.572635962132888,akw,dom,12,1
akw_dom_ran13_cv5.ghatREL1,0.469457731544399,akw,dom,13,5
akw_dom_ran14_cv1.ghatREL1,0.672215950508831,akw,dom,14,1
akw_dom_ran14_cv2.ghatREL1,0.693768005118965,akw,dom,14,2
akw_dom_ran14_cv3.ghatREL1,0.433293738892357,akw,dom,14,3
akw_dom_ran14_cv4.ghatREL1,0.73935150043625,akw,dom,14,4
akw_dom_ran14_cv5.ghatREL1,0.659837139472681,akw,dom,14,5
akw_dom_ran15_cv1.ghatREL1,0.808342309738924,akw,dom,15,1
akw_dom_ran15_cv2.ghatREL1,0.790191101662603,akw,dom,15,2
akw_dom_ran15_cv3.ghatREL1,0.803857441787144,akw,dom,15,3
akw_dom_ran16_cv1.ghatREL1,0.571392722684294,akw,dom,16,1
akw_dom_ran16_cv2.ghatREL1,0.787411001656842,akw,dom,16,2
akw_dom_ran16_cv3.ghatREL1,0.836896850241495,akw,dom,16,3
akw_dom_ran16_cv4.ghatREL1,0.844900895763242,akw,dom,16,4
akw_dom_ran16_cv5.ghatREL1,0.765481485181947,akw,dom,16,5
akw_dom_ran17_cv1.ghatREL1,0.72723469499435,akw,dom,17,1
akw_dom_ran17_cv2.ghatREL1,0.81215313441958,akw,dom,17,2
akw_dom_ran17_cv3.ghatREL1,0.754353480210616,akw,dom,17,3
akw_dom_ran17_cv4.ghatREL1,0.448733950191312,akw,dom,17,4
akw_dom_ran17_cv5.ghatREL1,0.740819320093876,akw,dom,17,5
akw_dom_ran18_cv1.ghatREL1,0.874687218272175,akw,dom,18,1
akw_dom_ran18_cv2.ghatREL1,0.809010677020618,akw,dom,18,2
akw_dom_ran18_cv3.ghatREL1,0.695636962118388,akw,dom,18,3
akw_dom_ran19_cv3.ghatREL1,0.67458179910859,akw,dom,19,3
akw_dom_ran19_cv4.ghatREL1,0.739057242013917,akw,dom,19,4
akw_dom_ran19_cv5.ghatREL1,0.774090441922774,akw,dom,19,5
akw_dom_ran1_cv1.ghatREL1,0.469457731544399,akw,dom,1,1
akw_dom_ran1_cv2.ghatREL1,0.778145799579489,akw,dom,1,2
akw_dom_ran1_cv3.ghatREL1,0.777384522607298,akw,dom,1,3
akw_dom_ran1_cv4.ghatREL1,0.697738488905627,akw,dom,1,4
akw_dom_ran1_cv5.ghatREL1,0.628245396979683,akw,dom,1,5
akw_dom_ran20_cv1.ghatREL1,0.668872030126655,akw,dom,20,1
akw_dom_ran20_cv2.ghatREL1,0.853219523385859,akw,dom,20,2
akw_dom_ran20_cv3.ghatREL1,0.739897802340469,akw,dom,20,3
akw_dom_ran20_cv4.ghatREL1,0.750065793668155,akw,dom,20,4
akw_dom_ran20_cv5.ghatREL1,0.631343204561916,akw,dom,20,5
akw_dom_ran2_cv1.ghatREL1,0.766770679454539,akw,dom,2,1
akw_dom_ran2_cv2.ghatREL1,0.633010355689234,akw,dom,2,2
akw_dom_ran2_cv3.ghatREL1,0.809788852893634,akw,dom,2,3
akw_dom_ran2_cv4.ghatREL1,0.760418158138361,akw,dom,2,4
akw_dom_ran2_cv5.ghatREL1,0.677125561515082,akw,dom,2,5
akw_dom_ran3_cv1.ghatREL1,0.527417945737571,akw,dom,3,1
akw_dom_ran3_cv2.ghatREL1,0.774301858905433,akw,dom,3,2
akw_dom_ran3_cv3.ghatREL1,0.676044471261352,akw,dom,3,3
akw_dom_ran3_cv4.ghatREL1,0.753345778353145,akw,dom,3,4
akw_dom_ran3_cv5.ghatREL1,0.692271812199226,akw,dom,3,5
akw_dom_ran4_cv1.ghatREL1,0.813473211592989,akw,dom,4,1
akw_dom_ran4_cv2.ghatREL1,0.658898599976256,akw,dom,4,2
akw_dom_ran4_cv3.ghatREL1,0.66535696089137,akw,dom,4,3
akw_dom_ran4_cv4.ghatREL1,0.80974695113205,akw,dom,4,4
akw_dom_ran4_cv5.ghatREL1,0.677870020922185,akw,dom,4,5
akw_dom_ran6_cv4.ghatREL1,0.751915859719172,akw,dom,6,4
akw_dom_ran6_cv5.ghatREL1,0.745503959605062,akw,dom,6,5
akw_dom_ran7_cv1.ghatREL1,0.807320950453322,akw,dom,7,1
akw_dom_ran7_cv2.ghatREL1,0.735955341879078,akw,dom,7,2
akw_dom_ran7_cv3.ghatREL1,0.721316924713049,akw,dom,7,3
akw_dom_ran7_cv4.ghatREL1,0.834832387025693,akw,dom,7,4
akw_dom_ran7_cv5.ghatREL1,0.805872640035217,akw,dom,7,5
akw_dom_ran8_cv1.ghatREL1,0.743119249797474,akw,dom,8,1
akw_dom_ran8_cv4.ghatREL1,0.739427843498963,akw,dom,8,4
akw_dom_ran8_cv5.ghatREL1,0.726297167325793,akw,dom,8,5
akw_dom_ran9_cv1.ghatREL1,0.689438181080576,akw,dom,9,1
akw_dom_ran9_cv2.ghatREL1,0.54218627852793,akw,dom,9,2
akw_dom_ran9_cv3.ghatREL1,0.713730010271952,akw,dom,9,3
akw_dom_ran9_cv4.ghatREL1,0.730045673130479,akw,dom,9,4
akw_dom_ran9_cv5.ghatREL1,0.71432691026113,akw,dom,9,5
cd_add_ran10_cv1.ghatREL1,0.699455343340384,cd,add,10,1
cd_add_ran10_cv2.ghatREL1,0.626596355665421,cd,add,10,2
cd_add_ran10_cv3.ghatREL1,0.7585970540352,cd,add,10,3
cd_add_ran10_cv4.ghatREL1,0.710210669529283,cd,add,10,4
cd_add_ran10_cv5.ghatREL1,0.823628518372272,cd,add,10,5
cd_add_ran11_cv1.ghatREL1,0.695227323131437,cd,add,11,1
cd_add_ran11_cv2.ghatREL1,0.738082128297003,cd,add,11,2
cd_add_ran11_cv3.ghatREL1,0.807347686765671,cd,add,11,3
cd_add_ran11_cv4.ghatREL1,0.857694643572138,cd,add,11,4
cd_add_ran11_cv5.ghatREL1,0.717171668568537,cd,add,11,5
cd_add_ran12_cv1.ghatREL1,0.730643606431727,cd,add,12,1
cd_add_ran12_cv2.ghatREL1,0.661180898412807,cd,add,12,2
cd_add_ran12_cv3.ghatREL1,0.838572208469755,cd,add,12,3
cd_add_ran12_cv4.ghatREL1,0.817026934202527,cd,add,12,4
cd_add_ran12_cv5.ghatREL1,0.672408153953516,cd,add,12,5
cd_add_ran13_cv1.ghatREL1,0.874148841960419,cd,add,13,1
cd_add_ran13_cv2.ghatREL1,0.638809074562982,cd,add,13,2
cd_add_ran13_cv3.ghatREL1,0.825943361598203,cd,add,13,3
cd_add_ran13_cv4.ghatREL1,0.702145189738052,cd,add,13,4
cd_add_ran13_cv5.ghatREL1,0.764200535051555,cd,add,13,5
cd_add_ran14_cv1.ghatREL1,0.798974803221075,cd,add,14,1
cd_add_ran14_cv2.ghatREL1,0.670775979209329,cd,add,14,2
cd_add_ran14_cv3.ghatREL1,0.692736165083091,cd,add,14,3
cd_add_ran14_cv4.ghatREL1,0.778047682758595,cd,add,14,4
cd_add_ran14_cv5.ghatREL1,0.796074249467239,cd,add,14,5
cd_add_ran15_cv1.ghatREL1,0.821421422971756,cd,add,15,1
cd_add_ran15_cv2.ghatREL1,0.717603434330031,cd,add,15,2
cd_add_ran15_cv3.ghatREL1,0.737799762329831,cd,add,15,3
cd_add_ran15_cv4.ghatREL1,0.652005892060592,cd,add,15,4
cd_add_ran15_cv5.ghatREL1,0.721992212622772,cd,add,15,5
cd_add_ran16_cv1.ghatREL1,0.703207601868653,cd,add,16,1
cd_add_ran16_cv2.ghatREL1,0.676767466026578,cd,add,16,2
cd_add_ran16_cv3.ghatREL1,0.739100944426537,cd,add,16,3
cd_add_ran16_cv4.ghatREL1,0.837136953197267,cd,add,16,4
cd_add_ran16_cv5.ghatREL1,0.755948761144854,cd,add,16,5
cd_add_ran17_cv1.ghatREL1,0.642382935763076,cd,add,17,1
cd_add_ran17_cv2.ghatREL1,0.792902883780993,cd,add,17,2
cd_add_ran17_cv3.ghatREL1,0.831213006579133,cd,add,17,3
cd_add_ran17_cv4.ghatREL1,0.768692995798159,cd,add,17,4
cd_add_ran17_cv5.ghatREL1,0.800586898197997,cd,add,17,5
cd_add_ran18_cv1.ghatREL1,0.721965061889775,cd,add,18,1
cd_add_ran18_cv2.ghatREL1,0.679175913946711,cd,add,18,2
cd_add_ran18_cv3.ghatREL1,0.844795193157666,cd,add,18,3
cd_add_ran18_cv4.ghatREL1,0.708443597355002,cd,add,18,4
cd_add_ran18_cv5.ghatREL1,0.775118204017586,cd,add,18,5
cd_add_ran19_cv1.ghatREL1,0.732416656573709,cd,add,19,1
cd_add_ran19_cv2.ghatREL1,0.750044904785896,cd,add,19,2
cd_add_ran19_cv3.ghatREL1,0.49909327737799,cd,add,19,3
cd_add_ran19_cv4.ghatREL1,0.565418903933908,cd,add,19,4
cd_add_ran19_cv5.ghatREL1,0.741673825829065,cd,add,19,5
cd_add_ran1_cv1.ghatREL1,0.764200535051555,cd,add,1,1
cd_add_ran1_cv2.ghatREL1,0.804542881459119,cd,add,1,2
cd_add_ran1_cv3.ghatREL1,0.824706270734633,cd,add,1,3
cd_add_ran1_cv4.ghatREL1,0.687583203446308,cd,add,1,4
cd_add_ran1_cv5.ghatREL1,0.838276292112647,cd,add,1,5
cd_add_ran20_cv1.ghatREL1,0.525362988352692,cd,add,20,1
cd_add_ran20_cv2.ghatREL1,0.770918802223296,cd,add,20,2
cd_add_ran20_cv3.ghatREL1,0.809913940099097,cd,add,20,3
cd_add_ran20_cv4.ghatREL1,0.709886910681622,cd,add,20,4
cd_add_ran20_cv5.ghatREL1,0.814148143226503,cd,add,20,5
cd_add_ran2_cv1.ghatREL1,0.790603800626387,cd,add,2,1
cd_add_ran2_cv2.ghatREL1,0.744548013874803,cd,add,2,2
cd_add_ran2_cv3.ghatREL1,0.744616595682793,cd,add,2,3
cd_add_ran2_cv4.ghatREL1,0.648742186339322,cd,add,2,4
cd_add_ran2_cv5.ghatREL1,0.55688730568101,cd,add,2,5
cd_add_ran3_cv1.ghatREL1,0.820213939867195,cd,add,3,1
cd_add_ran3_cv2.ghatREL1,0.540683287987206,cd,add,3,2
cd_add_ran3_cv3.ghatREL1,0.798292599155891,cd,add,3,3
cd_add_ran3_cv4.ghatREL1,0.69022675906623,cd,add,3,4
cd_add_ran3_cv5.ghatREL1,0.790460886667416,cd,add,3,5
cd_add_ran4_cv1.ghatREL1,0.777723334346631,cd,add,4,1
cd_add_ran4_cv2.ghatREL1,0.699465365555623,cd,add,4,2
cd_add_ran4_cv3.ghatREL1,0.688371572997518,cd,add,4,3
cd_add_ran4_cv4.ghatREL1,0.649410402978501,cd,add,4,4
cd_add_ran4_cv5.ghatREL1,0.545019801626926,cd,add,4,5
cd_add_ran5_cv1.ghatREL1,0.898559893164146,cd,add,5,1
cd_add_ran5_cv2.ghatREL1,0.544702109697549,cd,add,5,2
cd_add_ran5_cv3.ghatREL1,0.844349634233094,cd,add,5,3
cd_add_ran5_cv4.ghatREL1,0.818404312219445,cd,add,5,4
cd_add_ran5_cv5.ghatREL1,0.866178118058054,cd,add,5,5
cd_add_ran6_cv1.ghatREL1,0.776023266282802,cd,add,6,1
cd_add_ran6_cv2.ghatREL1,0.696341058095161,cd,add,6,2
cd_add_ran6_cv3.ghatREL1,0.721866495808551,cd,add,6,3
cd_add_ran6_cv4.ghatREL1,0.727871715110493,cd,add,6,4
cd_add_ran6_cv5.ghatREL1,0.772370276700841,cd,add,6,5
cd_add_ran7_cv1.ghatREL1,0.82981222219731,cd,add,7,1
cd_add_ran7_cv2.ghatREL1,0.75366034170713,cd,add,7,2
cd_add_ran7_cv3.ghatREL1,0.591226285759085,cd,add,7,3
cd_add_ran7_cv4.ghatREL1,0.752499685842563,cd,add,7,4
cd_add_ran7_cv5.ghatREL1,0.666374893640597,cd,add,7,5
cd_add_ran8_cv1.ghatREL1,0.772599727952647,cd,add,8,1
cd_add_ran8_cv2.ghatREL1,0.818403175469998,cd,add,8,2
cd_add_ran8_cv3.ghatREL1,0.864659246658018,cd,add,8,3
cd_add_ran8_cv4.ghatREL1,0.713562152733126,cd,add,8,4
cd_add_ran8_cv5.ghatREL1,0.774515365538068,cd,add,8,5
cd_add_ran9_cv1.ghatREL1,0.838501266704836,cd,add,9,1
cd_add_ran9_cv2.ghatREL1,0.749465502510092,cd,add,9,2
cd_add_ran9_cv3.ghatREL1,0.580892035937033,cd,add,9,3
cd_add_ran9_cv4.ghatREL1,0.61626179899583,cd,add,9,4
cd_add_ran9_cv5.ghatREL1,0.78459535264143,cd,add,9,5
cd_dom_ran10_cv1.ghatREL1,0.731304276955717,cd,dom,10,1
cd_dom_ran10_cv2.ghatREL1,0.670501954961428,cd,dom,10,2
cd_dom_ran10_cv4.ghatREL1,0.697783285687882,cd,dom,10,4
cd_dom_ran10_cv5.ghatREL1,0.822935565515318,cd,dom,10,5
cd_dom_ran11_cv1.ghatREL1,0.69176417821379,cd,dom,11,1
cd_dom_ran11_cv2.ghatREL1,0.78838203814234,cd,dom,11,2
cd_dom_ran11_cv3.ghatREL1,0.80404368101928,cd,dom,11,3
cd_dom_ran11_cv4.ghatREL1,0.86035171595716,cd,dom,11,4
cd_dom_ran11_cv5.ghatREL1,0.760300311425187,cd,dom,11,5
cd_dom_ran12_cv1.ghatREL1,0.766710813550761,cd,dom,12,1
cd_dom_ran12_cv2.ghatREL1,0.666467320797924,cd,dom,12,2
cd_dom_ran12_cv3.ghatREL1,0.868890139133562,cd,dom,12,3
cd_dom_ran12_cv4.ghatREL1,0.822274809788561,cd,dom,12,4
cd_dom_ran12_cv5.ghatREL1,0.739218516692685,cd,dom,12,5
cd_dom_ran13_cv1.ghatREL1,0.886956129663911,cd,dom,13,1
cd_dom_ran13_cv2.ghatREL1,0.660166225302,cd,dom,13,2
cd_dom_ran13_cv3.ghatREL1,0.866176993559613,cd,dom,13,3
cd_dom_ran13_cv4.ghatREL1,0.740464577793149,cd,dom,13,4
cd_dom_ran13_cv5.ghatREL1,0.755635774447738,cd,dom,13,5
cd_dom_ran14_cv1.ghatREL1,0.837988902474407,cd,dom,14,1
cd_dom_ran14_cv2.ghatREL1,0.688398016788663,cd,dom,14,2
cd_dom_ran14_cv3.ghatREL1,0.711653098891799,cd,dom,14,3
cd_dom_ran14_cv4.ghatREL1,0.83280924495197,cd,dom,14,4
cd_dom_ran14_cv5.ghatREL1,0.832615131606588,cd,dom,14,5
cd_dom_ran15_cv1.ghatREL1,0.845430042050697,cd,dom,15,1
cd_dom_ran15_cv2.ghatREL1,0.737387102535648,cd,dom,15,2
cd_dom_ran15_cv3.ghatREL1,0.731183675247063,cd,dom,15,3
cd_dom_ran15_cv4.ghatREL1,0.630867928539379,cd,dom,15,4
cd_dom_ran15_cv5.ghatREL1,0.698999897719745,cd,dom,15,5
cd_dom_ran16_cv1.ghatREL1,0.711427495612792,cd,dom,16,1
cd_dom_ran16_cv2.ghatREL1,0.708671773470658,cd,dom,16,2
cd_dom_ran16_cv3.ghatREL1,0.762029473957447,cd,dom,16,3
cd_dom_ran16_cv4.ghatREL1,0.882584956468652,cd,dom,16,4
cd_dom_ran16_cv5.ghatREL1,0.773920649731701,cd,dom,16,5
cd_dom_ran17_cv1.ghatREL1,0.646476299712647,cd,dom,17,1
cd_dom_ran17_cv2.ghatREL1,0.820422262779068,cd,dom,17,2
cd_dom_ran17_cv3.ghatREL1,0.830227715570206,cd,dom,17,3
cd_dom_ran17_cv4.ghatREL1,0.749825046195665,cd,dom,17,4
cd_dom_ran17_cv5.ghatREL1,0.796531279591314,cd,dom,17,5
cd_dom_ran18_cv1.ghatREL1,0.739657743118456,cd,dom,18,1
cd_dom_ran18_cv2.ghatREL1,0.681738288888901,cd,dom,18,2
cd_dom_ran18_cv3.ghatREL1,0.844957819323658,cd,dom,18,3
cd_dom_ran18_cv4.ghatREL1,0.695887870385711,cd,dom,18,4
cd_dom_ran18_cv5.ghatREL1,0.780874419349295,cd,dom,18,5
cd_dom_ran19_cv1.ghatREL1,0.785091390796295,cd,dom,19,1
cd_dom_ran19_cv2.ghatREL1,0.765257143139925,cd,dom,19,2
cd_dom_ran19_cv3.ghatREL1,0.520716778254945,cd,dom,19,3
cd_dom_ran19_cv4.ghatREL1,0.57871629575849,cd,dom,19,4
cd_dom_ran19_cv5.ghatREL1,0.797769724905814,cd,dom,19,5
cd_dom_ran1_cv1.ghatREL1,0.755635774447738,cd,dom,1,1
cd_dom_ran1_cv2.ghatREL1,0.79618443926461,cd,dom,1,2
cd_dom_ran1_cv3.ghatREL1,0.846268596342789,cd,dom,1,3
cd_dom_ran1_cv4.ghatREL1,0.754830064686755,cd,dom,1,4
cd_dom_ran1_cv5.ghatREL1,0.862835874057537,cd,dom,1,5
cd_dom_ran20_cv1.ghatREL1,0.540596933799092,cd,dom,20,1
cd_dom_ran20_cv2.ghatREL1,0.774997324951317,cd,dom,20,2
cd_dom_ran20_cv3.ghatREL1,0.835409008681941,cd,dom,20,3
cd_dom_ran20_cv4.ghatREL1,0.768771546208732,cd,dom,20,4
cd_dom_ran20_cv5.ghatREL1,0.811410879368452,cd,dom,20,5
cd_dom_ran2_cv1.ghatREL1,0.799002196746425,cd,dom,2,1
cd_dom_ran2_cv2.ghatREL1,0.743945067696498,cd,dom,2,2
cd_dom_ran2_cv3.ghatREL1,0.77937169374467,cd,dom,2,3
cd_dom_ran2_cv4.ghatREL1,0.65501300551563,cd,dom,2,4
cd_dom_ran2_cv5.ghatREL1,0.595667118167162,cd,dom,2,5
cd_dom_ran3_cv1.ghatREL1,0.816721422652727,cd,dom,3,1
cd_dom_ran3_cv2.ghatREL1,0.62108443188612,cd,dom,3,2
cd_dom_ran3_cv3.ghatREL1,0.81969253032308,cd,dom,3,3
cd_dom_ran3_cv4.ghatREL1,0.685550037981092,cd,dom,3,4
cd_dom_ran3_cv5.ghatREL1,0.822035085427848,cd,dom,3,5
cd_dom_ran4_cv1.ghatREL1,0.779617424000029,cd,dom,4,1
cd_dom_ran4_cv3.ghatREL1,0.742112636171845,cd,dom,4,3
cd_dom_ran4_cv5.ghatREL1,0.540110210004896,cd,dom,4,5
cd_dom_ran5_cv1.ghatREL1,0.904898842996241,cd,dom,5,1
cd_dom_ran5_cv2.ghatREL1,0.598591040316836,cd,dom,5,2
cd_dom_ran5_cv3.ghatREL1,0.843918198007626,cd,dom,5,3
cd_dom_ran5_cv4.ghatREL1,0.854179475724589,cd,dom,5,4
cd_dom_ran5_cv5.ghatREL1,0.876638838616569,cd,dom,5,5
cd_dom_ran6_cv1.ghatREL1,0.813101570447247,cd,dom,6,1
cd_dom_ran6_cv2.ghatREL1,0.676414873896306,cd,dom,6,2
cd_dom_ran6_cv3.ghatREL1,0.732955165962619,cd,dom,6,3
cd_dom_ran6_cv4.ghatREL1,0.737653356232954,cd,dom,6,4
cd_dom_ran6_cv5.ghatREL1,0.801715986658985,cd,dom,6,5
cd_dom_ran7_cv1.ghatREL1,0.840287530952557,cd,dom,7,1
cd_dom_ran7_cv2.ghatREL1,0.751758643921143,cd,dom,7,2
cd_dom_ran7_cv3.ghatREL1,0.613990910902009,cd,dom,7,3
cd_dom_ran7_cv4.ghatREL1,0.753367758149993,cd,dom,7,4
cd_dom_ran7_cv5.ghatREL1,0.708041014271188,cd,dom,7,5
cd_dom_ran8_cv1.ghatREL1,0.774999470112485,cd,dom,8,1
cd_dom_ran8_cv2.ghatREL1,0.800429326380992,cd,dom,8,2
cd_dom_ran8_cv3.ghatREL1,0.866356256668519,cd,dom,8,3
cd_dom_ran8_cv4.ghatREL1,0.705390227370285,cd,dom,8,4
cd_dom_ran8_cv5.ghatREL1,0.828706752226288,cd,dom,8,5
cd_dom_ran9_cv1.ghatREL1,0.846060118366308,cd,dom,9,1
cd_dom_ran9_cv2.ghatREL1,0.76111407935929,cd,dom,9,2
cd_dom_ran9_cv3.ghatREL1,0.613146932811666,cd,dom,9,3
cd_dom_ran9_cv4.ghatREL1,0.628689963326172,cd,dom,9,4
cd_dom_ran9_cv5.ghatREL1,0.773970619580874,cd,dom,9,5
cl_add_ran10_cv1.ghatREL1,0.576041859375281,cl,add,10,1
cl_add_ran10_cv2.ghatREL1,0.443381510159029,cl,add,10,2
cl_add_ran10_cv3.ghatREL1,0.346126926561267,cl,add,10,3
cl_add_ran10_cv4.ghatREL1,0.633897486735769,cl,add,10,4
cl_add_ran10_cv5.ghatREL1,0.563496287461975,cl,add,10,5
cl_add_ran11_cv1.ghatREL1,0.602359227501922,cl,add,11,1
cl_add_ran11_cv2.ghatREL1,0.390145703269962,cl,add,11,2
cl_add_ran11_cv3.ghatREL1,0.473545246183203,cl,add,11,3
cl_add_ran11_cv4.ghatREL1,0.51226295937078,cl,add,11,4
cl_add_ran11_cv5.ghatREL1,0.543267106030881,cl,add,11,5
cl_add_ran12_cv1.ghatREL1,0.425165657603744,cl,add,12,1
cl_add_ran12_cv2.ghatREL1,0.540698894198909,cl,add,12,2
cl_add_ran12_cv3.ghatREL1,0.468336533856177,cl,add,12,3
cl_add_ran12_cv4.ghatREL1,0.625270772843066,cl,add,12,4
cl_add_ran12_cv5.ghatREL1,0.475556458591564,cl,add,12,5
cl_add_ran13_cv1.ghatREL1,0.385443681516707,cl,add,13,1
cl_add_ran13_cv2.ghatREL1,0.392696100228599,cl,add,13,2
cl_add_ran13_cv3.ghatREL1,0.416559965737947,cl,add,13,3
cl_add_ran13_cv4.ghatREL1,0.491412467615681,cl,add,13,4
cl_add_ran13_cv5.ghatREL1,0.416810408631384,cl,add,13,5
cl_add_ran14_cv1.ghatREL1,0.346231342007659,cl,add,14,1
cl_add_ran14_cv2.ghatREL1,0.507796693986367,cl,add,14,2
cl_add_ran14_cv3.ghatREL1,0.494861093660225,cl,add,14,3
cl_add_ran14_cv4.ghatREL1,0.468687040062828,cl,add,14,4
cl_add_ran14_cv5.ghatREL1,0.58387031824167,cl,add,14,5
cl_add_ran15_cv1.ghatREL1,0.442373871440319,cl,add,15,1
cl_add_ran15_cv2.ghatREL1,0.523021436653037,cl,add,15,2
cl_add_ran15_cv3.ghatREL1,0.496524859226084,cl,add,15,3
cl_add_ran15_cv4.ghatREL1,0.556672765524004,cl,add,15,4
cl_add_ran15_cv5.ghatREL1,0.66076582779897,cl,add,15,5
cl_add_ran16_cv1.ghatREL1,0.485783264426326,cl,add,16,1
cl_add_ran16_cv2.ghatREL1,0.615381625955797,cl,add,16,2
cl_add_ran16_cv3.ghatREL1,0.497539687322477,cl,add,16,3
cl_add_ran16_cv4.ghatREL1,0.129974802307024,cl,add,16,4
cl_add_ran16_cv5.ghatREL1,0.49950656186046,cl,add,16,5
cl_add_ran17_cv1.ghatREL1,0.688053188850369,cl,add,17,1
cl_add_ran17_cv2.ghatREL1,0.613670401359754,cl,add,17,2
cl_add_ran17_cv3.ghatREL1,0.488125618223378,cl,add,17,3
cl_add_ran17_cv4.ghatREL1,0.533092907443753,cl,add,17,4
cl_add_ran17_cv5.ghatREL1,0.458541265353772,cl,add,17,5
cl_add_ran18_cv1.ghatREL1,0.527387438774316,cl,add,18,1
cl_add_ran18_cv2.ghatREL1,0.516005049200885,cl,add,18,2
cl_add_ran18_cv3.ghatREL1,0.463962635336403,cl,add,18,3
cl_add_ran18_cv4.ghatREL1,0.542409121219518,cl,add,18,4
cl_add_ran18_cv5.ghatREL1,0.490795199889055,cl,add,18,5
cl_add_ran19_cv1.ghatREL1,0.448014414132737,cl,add,19,1
cl_add_ran19_cv2.ghatREL1,0.287752838220317,cl,add,19,2
cl_add_ran19_cv3.ghatREL1,0.479294930710937,cl,add,19,3
cl_add_ran19_cv4.ghatREL1,0.585437046896835,cl,add,19,4
cl_add_ran19_cv5.ghatREL1,0.428724084235647,cl,add,19,5
cl_add_ran1_cv1.ghatREL1,0.416810408631384,cl,add,1,1
cl_add_ran1_cv2.ghatREL1,0.562366684318612,cl,add,1,2
cl_add_ran1_cv3.ghatREL1,0.451768929900204,cl,add,1,3
cl_add_ran1_cv4.ghatREL1,0.493585803512266,cl,add,1,4
cl_add_ran1_cv5.ghatREL1,0.429940473807275,cl,add,1,5
cl_add_ran20_cv1.ghatREL1,0.576318537546976,cl,add,20,1
cl_add_ran20_cv2.ghatREL1,0.444297829953377,cl,add,20,2
cl_add_ran20_cv3.ghatREL1,0.527314290733429,cl,add,20,3
cl_add_ran20_cv4.ghatREL1,0.569622326720073,cl,add,20,4
cl_add_ran20_cv5.ghatREL1,0.384725400704932,cl,add,20,5
cl_add_ran2_cv1.ghatREL1,0.643358980518628,cl,add,2,1
cl_add_ran2_cv2.ghatREL1,0.443568997550775,cl,add,2,2
cl_add_ran2_cv3.ghatREL1,0.538775114146998,cl,add,2,3
cl_add_ran2_cv4.ghatREL1,0.546302916530175,cl,add,2,4
cl_add_ran2_cv5.ghatREL1,0.522410998419243,cl,add,2,5
cl_add_ran3_cv1.ghatREL1,0.503242467378122,cl,add,3,1
cl_add_ran3_cv2.ghatREL1,0.464732914275058,cl,add,3,2
cl_add_ran3_cv3.ghatREL1,0.23695961214038,cl,add,3,3
cl_add_ran3_cv4.ghatREL1,0.677922610017982,cl,add,3,4
cl_add_ran3_cv5.ghatREL1,0.280019391238342,cl,add,3,5
cl_add_ran4_cv1.ghatREL1,0.504146586459686,cl,add,4,1
cl_add_ran4_cv2.ghatREL1,0.51848990279752,cl,add,4,2
cl_add_ran4_cv3.ghatREL1,0.489609316407051,cl,add,4,3
cl_add_ran4_cv4.ghatREL1,0.479342073072559,cl,add,4,4
cl_add_ran4_cv5.ghatREL1,0.611705825073213,cl,add,4,5
cl_add_ran5_cv1.ghatREL1,0.417197107608014,cl,add,5,1
cl_add_ran5_cv2.ghatREL1,0.524955812576489,cl,add,5,2
cl_add_ran5_cv3.ghatREL1,0.499584279743964,cl,add,5,3
cl_add_ran5_cv4.ghatREL1,0.501199057701066,cl,add,5,4
cl_add_ran5_cv5.ghatREL1,0.46888018595631,cl,add,5,5
cl_add_ran6_cv1.ghatREL1,0.395707081543691,cl,add,6,1
cl_add_ran6_cv2.ghatREL1,0.636303207575728,cl,add,6,2
cl_add_ran6_cv3.ghatREL1,0.515727864136888,cl,add,6,3
cl_add_ran6_cv4.ghatREL1,0.2612033693643,cl,add,6,4
cl_add_ran6_cv5.ghatREL1,0.496601590780951,cl,add,6,5
cl_add_ran7_cv1.ghatREL1,0.557539645637887,cl,add,7,1
cl_add_ran7_cv2.ghatREL1,0.444181104021621,cl,add,7,2
cl_add_ran7_cv3.ghatREL1,0.526184118684533,cl,add,7,3
cl_add_ran7_cv4.ghatREL1,0.457078210015652,cl,add,7,4
cl_add_ran7_cv5.ghatREL1,0.605376671714809,cl,add,7,5
cl_add_ran8_cv1.ghatREL1,0.676592608646125,cl,add,8,1
cl_add_ran8_cv2.ghatREL1,0.546586736335644,cl,add,8,2
cl_add_ran8_cv3.ghatREL1,0.32486208364916,cl,add,8,3
cl_add_ran8_cv4.ghatREL1,0.52098596907165,cl,add,8,4
cl_add_ran8_cv5.ghatREL1,0.35566604708942,cl,add,8,5
cl_add_ran9_cv1.ghatREL1,0.642750019362431,cl,add,9,1
cl_add_ran9_cv2.ghatREL1,0.390249752226994,cl,add,9,2
cl_add_ran9_cv3.ghatREL1,0.395369085630849,cl,add,9,3
cl_add_ran9_cv4.ghatREL1,0.411840614131572,cl,add,9,4
cl_add_ran9_cv5.ghatREL1,0.692122695259138,cl,add,9,5
cl_dom_ran10_cv1.ghatREL1,0.656692244862271,cl,dom,10,1
cl_dom_ran10_cv2.ghatREL1,0.544884658145115,cl,dom,10,2
cl_dom_ran10_cv3.ghatREL1,0.535231105097924,cl,dom,10,3
cl_dom_ran10_cv4.ghatREL1,0.570693861003259,cl,dom,10,4
cl_dom_ran10_cv5.ghatREL1,0.542648407540275,cl,dom,10,5
cl_dom_ran11_cv2.ghatREL1,0.543039509474577,cl,dom,11,2
cl_dom_ran11_cv3.ghatREL1,0.51531731450454,cl,dom,11,3
cl_dom_ran11_cv4.ghatREL1,0.536231473370461,cl,dom,11,4
cl_dom_ran11_cv5.ghatREL1,0.667919228720499,cl,dom,11,5
cl_dom_ran12_cv1.ghatREL1,0.553574995705945,cl,dom,12,1
cl_dom_ran12_cv2.ghatREL1,0.595787518267305,cl,dom,12,2
cl_dom_ran12_cv3.ghatREL1,0.576816033975217,cl,dom,12,3
cl_dom_ran12_cv3.ghatREL2,0.576816033975217,cl,dom,12,3
cl_dom_ran12_cv4.ghatREL2,0.550204873873527,cl,dom,12,4
cl_dom_ran13_cv1.ghatREL1,0.351712654601859,cl,dom,13,1
cl_dom_ran13_cv3.ghatREL1,0.580371892548704,cl,dom,13,3
cl_dom_ran13_cv4.ghatREL1,0.605380809857355,cl,dom,13,4
cl_dom_ran13_cv5.ghatREL1,0.564031435781775,cl,dom,13,5
cl_dom_ran14_cv1.ghatREL1,0.525164862101119,cl,dom,14,1
cl_dom_ran14_cv2.ghatREL1,0.560105942720567,cl,dom,14,2
cl_dom_ran14_cv3.ghatREL1,0.537714823371306,cl,dom,14,3
cl_dom_ran14_cv4.ghatREL1,0.585392146676168,cl,dom,14,4
cl_dom_ran14_cv5.ghatREL1,0.579569283299994,cl,dom,14,5
cl_dom_ran15_cv1.ghatREL1,0.523802570885204,cl,dom,15,1
cl_dom_ran15_cv2.ghatREL1,0.598221163604633,cl,dom,15,2
cl_dom_ran15_cv3.ghatREL1,0.524165967647851,cl,dom,15,3
cl_dom_ran15_cv4.ghatREL1,0.530137882294152,cl,dom,15,4
cl_dom_ran15_cv5.ghatREL1,0.691895414458208,cl,dom,15,5
cl_dom_ran16_cv1.ghatREL1,0.553219636828205,cl,dom,16,1
cl_dom_ran16_cv2.ghatREL1,0.757008750767515,cl,dom,16,2
cl_dom_ran16_cv3.ghatREL1,0.588234257250126,cl,dom,16,3
cl_dom_ran16_cv4.ghatREL1,0.404624652917433,cl,dom,16,4
cl_dom_ran16_cv5.ghatREL1,0.565048830495375,cl,dom,16,5
cl_dom_ran17_cv1.ghatREL1,0.728730839278494,cl,dom,17,1
cl_dom_ran17_cv2.ghatREL1,0.640702889009194,cl,dom,17,2
cl_dom_ran17_cv3.ghatREL2,0.557205205352021,cl,dom,17,3
cl_dom_ran17_cv4.ghatREL1,0.485865447493867,cl,dom,17,4
cl_dom_ran17_cv5.ghatREL1,0.547439360189927,cl,dom,17,5
cl_dom_ran18_cv1.ghatREL1,0.608812321973621,cl,dom,18,1
cl_dom_ran18_cv2.ghatREL1,0.573166221312974,cl,dom,18,2
cl_dom_ran18_cv3.ghatREL1,0.500828628623913,cl,dom,18,3
cl_dom_ran18_cv4.ghatREL1,0.600628116494959,cl,dom,18,4
cl_dom_ran18_cv5.ghatREL1,0.433946029424534,cl,dom,18,5
cl_dom_ran19_cv1.ghatREL1,0.582329676460199,cl,dom,19,1
cl_dom_ran19_cv2.ghatREL1,0.31777275366572,cl,dom,19,2
cl_dom_ran19_cv3.ghatREL1,0.55710733137639,cl,dom,19,3
cl_dom_ran19_cv4.ghatREL2,0.638482135829772,cl,dom,19,4
cl_dom_ran19_cv5.ghatREL1,0.554194165982113,cl,dom,19,5
cl_dom_ran1_cv1.ghatREL1,0.564031435781775,cl,dom,1,1
cl_dom_ran1_cv2.ghatREL1,0.547277068713543,cl,dom,1,2
cl_dom_ran1_cv3.ghatREL1,0.412105501484475,cl,dom,1,3
cl_dom_ran1_cv4.ghatREL1,0.661669669873402,cl,dom,1,4
cl_dom_ran1_cv5.ghatREL1,0.554837962051639,cl,dom,1,5
cl_dom_ran20_cv1.ghatREL1,0.615581198649742,cl,dom,20,1
cl_dom_ran20_cv2.ghatREL1,0.47248262549307,cl,dom,20,2
cl_dom_ran20_cv3.ghatREL1,0.60156043418232,cl,dom,20,3
cl_dom_ran20_cv4.ghatREL1,0.729874979127432,cl,dom,20,4
cl_dom_ran20_cv5.ghatREL1,0.521055146437394,cl,dom,20,5
cl_dom_ran2_cv1.ghatREL1,0.6391725498478,cl,dom,2,1
cl_dom_ran2_cv2.ghatREL1,0.515785987547864,cl,dom,2,2
cl_dom_ran2_cv3.ghatREL1,0.600838413788029,cl,dom,2,3
cl_dom_ran2_cv4.ghatREL2,0.544931244948716,cl,dom,2,4
cl_dom_ran2_cv5.ghatREL2,0.627226948810453,cl,dom,2,5
cl_dom_ran3_cv1.ghatREL1,0.533006084661004,cl,dom,3,1
cl_dom_ran3_cv2.ghatREL1,0.604255954706212,cl,dom,3,2
cl_dom_ran3_cv3.ghatREL1,0.330098412182433,cl,dom,3,3
cl_dom_ran3_cv4.ghatREL1,0.717205511262778,cl,dom,3,4
cl_dom_ran3_cv5.ghatREL1,0.499541777349222,cl,dom,3,5
cl_dom_ran4_cv1.ghatREL1,0.6280642691686,cl,dom,4,1
cl_dom_ran4_cv2.ghatREL1,0.52016842449784,cl,dom,4,2
cl_dom_ran4_cv3.ghatREL1,0.574670906294899,cl,dom,4,3
cl_dom_ran4_cv4.ghatREL1,0.630857704824375,cl,dom,4,4
cl_dom_ran4_cv5.ghatREL1,0.57926503190503,cl,dom,4,5
cl_dom_ran5_cv1.ghatREL1,0.545662710442116,cl,dom,5,1
cl_dom_ran5_cv2.ghatREL1,0.650100161014691,cl,dom,5,2
cl_dom_ran5_cv3.ghatREL1,0.504445882981782,cl,dom,5,3
cl_dom_ran5_cv4.ghatREL1,0.651916260253957,cl,dom,5,4
cl_dom_ran5_cv5.ghatREL1,0.448244620461391,cl,dom,5,5
cl_dom_ran6_cv1.ghatREL2,0.561248063321978,cl,dom,6,1
cl_dom_ran6_cv2.ghatREL1,0.671482117899868,cl,dom,6,2
cl_dom_ran6_cv3.ghatREL1,0.582147849997028,cl,dom,6,3
cl_dom_ran6_cv4.ghatREL1,0.255779556506403,cl,dom,6,4
cl_dom_ran6_cv5.ghatREL1,0.612786263406514,cl,dom,6,5
cl_dom_ran7_cv1.ghatREL1,0.573102369122318,cl,dom,7,1
cl_dom_ran7_cv2.ghatREL1,0.474396835565119,cl,dom,7,2
cl_dom_ran7_cv3.ghatREL1,0.624525858362156,cl,dom,7,3
cl_dom_ran7_cv4.ghatREL1,0.498824511157223,cl,dom,7,4
cl_dom_ran7_cv5.ghatREL1,0.690561231003734,cl,dom,7,5
cl_dom_ran8_cv1.ghatREL1,0.68135330685977,cl,dom,8,1
cl_dom_ran8_cv2.ghatREL1,0.503631089488052,cl,dom,8,2
cl_dom_ran8_cv3.ghatREL1,0.355655298469139,cl,dom,8,3
cl_dom_ran8_cv4.ghatREL1,0.602895682402552,cl,dom,8,4
cl_dom_ran8_cv5.ghatREL1,0.503670190688707,cl,dom,8,5
cl_dom_ran9_cv1.ghatREL1,0.596280106586288,cl,dom,9,1
cl_dom_ran9_cv2.ghatREL1,0.509881984095599,cl,dom,9,2
cl_dom_ran9_cv3.ghatREL1,0.47888434976356,cl,dom,9,3
cl_dom_ran9_cv5.ghatREL1,0.712714174708817,cl,dom,9,5
cw_add_ran10_cv1.ghatREL1,0.834954791609291,cw,add,10,1
cw_add_ran10_cv2.ghatREL1,0.684174612994084,cw,add,10,2
cw_add_ran10_cv3.ghatREL1,0.579757422179856,cw,add,10,3
cw_add_ran10_cv4.ghatREL1,0.744458690163216,cw,add,10,4
cw_add_ran10_cv5.ghatREL1,0.750483586207802,cw,add,10,5
cw_add_ran11_cv1.ghatREL1,0.781884421216328,cw,add,11,1
cw_add_ran11_cv2.ghatREL1,0.729098361037659,cw,add,11,2
cw_add_ran11_cv3.ghatREL1,0.787532265506717,cw,add,11,3
cw_add_ran11_cv4.ghatREL1,0.479670164946779,cw,add,11,4
cw_add_ran11_cv5.ghatREL1,0.696667862208211,cw,add,11,5
cw_add_ran12_cv1.ghatREL1,0.777465447304271,cw,add,12,1
cw_add_ran12_cv2.ghatREL1,0.780813209948032,cw,add,12,2
cw_add_ran12_cv3.ghatREL1,0.77683831402808,cw,add,12,3
cw_add_ran12_cv4.ghatREL1,0.820457846843453,cw,add,12,4
cw_add_ran12_cv5.ghatREL1,0.578604263755326,cw,add,12,5
cw_add_ran13_cv1.ghatREL1,0.871612038801757,cw,add,13,1
cw_add_ran13_cv2.ghatREL1,0.710998876507587,cw,add,13,2
cw_add_ran13_cv3.ghatREL1,0.711283749711176,cw,add,13,3
cw_add_ran13_cv4.ghatREL1,0.466184666251215,cw,add,13,4
cw_add_ran13_cv5.ghatREL1,0.883920936364056,cw,add,13,5
cw_add_ran14_cv1.ghatREL1,0.737152324911282,cw,add,14,1
cw_add_ran14_cv2.ghatREL1,0.60565334610301,cw,add,14,2
cw_add_ran14_cv3.ghatREL1,0.731603189397669,cw,add,14,3
cw_add_ran14_cv4.ghatREL1,0.634015098561317,cw,add,14,4
cw_add_ran14_cv5.ghatREL1,0.884971498958305,cw,add,14,5
cw_add_ran15_cv1.ghatREL1,0.527037155481049,cw,add,15,1
cw_add_ran15_cv2.ghatREL1,0.705906711888995,cw,add,15,2
cw_add_ran15_cv3.ghatREL1,0.678360510341039,cw,add,15,3
cw_add_ran15_cv4.ghatREL1,0.682533406689474,cw,add,15,4
cw_add_ran15_cv5.ghatREL1,0.67787511671145,cw,add,15,5
cw_add_ran16_cv1.ghatREL1,0.646809494928129,cw,add,16,1
cw_add_ran16_cv2.ghatREL1,0.667847837647556,cw,add,16,2
cw_add_ran16_cv3.ghatREL1,0.633289682034734,cw,add,16,3
cw_add_ran16_cv4.ghatREL1,0.66374627325373,cw,add,16,4
cw_add_ran16_cv5.ghatREL1,0.66989921639803,cw,add,16,5
cw_add_ran17_cv1.ghatREL1,0.770741864811593,cw,add,17,1
cw_add_ran17_cv2.ghatREL1,0.72545661969601,cw,add,17,2
cw_add_ran17_cv3.ghatREL1,0.543430489827333,cw,add,17,3
cw_add_ran17_cv4.ghatREL1,0.778937411289017,cw,add,17,4
cw_add_ran17_cv5.ghatREL1,0.726264993339731,cw,add,17,5
cw_add_ran18_cv1.ghatREL1,0.663092524360031,cw,add,18,1
cw_add_ran18_cv2.ghatREL1,0.695889829238832,cw,add,18,2
cw_add_ran18_cv3.ghatREL1,0.448855536177763,cw,add,18,3
cw_add_ran18_cv4.ghatREL1,0.828989098977618,cw,add,18,4
cw_add_ran18_cv5.ghatREL1,0.67530487309221,cw,add,18,5
cw_add_ran19_cv1.ghatREL1,0.680822329522743,cw,add,19,1
cw_add_ran19_cv2.ghatREL1,0.920362092639949,cw,add,19,2
cw_add_ran19_cv3.ghatREL1,0.671875637627489,cw,add,19,3
cw_add_ran19_cv4.ghatREL1,0.478593608858599,cw,add,19,4
cw_add_ran19_cv5.ghatREL1,0.787911542509013,cw,add,19,5
cw_add_ran1_cv1.ghatREL1,0.883920936364056,cw,add,1,1
cw_add_ran1_cv2.ghatREL1,0.453494554335197,cw,add,1,2
cw_add_ran1_cv3.ghatREL1,0.712481614094545,cw,add,1,3
cw_add_ran1_cv4.ghatREL1,0.584216807244872,cw,add,1,4
cw_add_ran1_cv5.ghatREL1,0.69005962276709,cw,add,1,5
cw_add_ran20_cv1.ghatREL1,0.717252732548353,cw,add,20,1
cw_add_ran20_cv2.ghatREL1,0.668817338067751,cw,add,20,2
cw_add_ran20_cv3.ghatREL1,0.74754944231532,cw,add,20,3
cw_add_ran20_cv4.ghatREL1,0.608113462691954,cw,add,20,4
cw_add_ran20_cv5.ghatREL1,0.90556143253233,cw,add,20,5
cw_add_ran2_cv1.ghatREL1,0.871488503362182,cw,add,2,1
cw_add_ran2_cv2.ghatREL1,0.700653852727209,cw,add,2,2
cw_add_ran2_cv3.ghatREL1,0.700313901035069,cw,add,2,3
cw_add_ran2_cv4.ghatREL1,0.63692702478921,cw,add,2,4
cw_add_ran2_cv5.ghatREL1,0.583734356737798,cw,add,2,5
cw_add_ran3_cv1.ghatREL1,0.74993918103749,cw,add,3,1
cw_add_ran3_cv2.ghatREL1,0.319712728437309,cw,add,3,2
cw_add_ran3_cv3.ghatREL1,0.763836573913819,cw,add,3,3
cw_add_ran3_cv4.ghatREL1,0.647488643555175,cw,add,3,4
cw_add_ran3_cv5.ghatREL1,0.658616320982154,cw,add,3,5
cw_add_ran4_cv1.ghatREL1,0.825371038033126,cw,add,4,1
cw_add_ran4_cv2.ghatREL1,0.64318303087554,cw,add,4,2
cw_add_ran4_cv3.ghatREL1,0.693694602030117,cw,add,4,3
cw_add_ran4_cv4.ghatREL1,0.759590650123694,cw,add,4,4
cw_add_ran4_cv5.ghatREL1,0.614257842406605,cw,add,4,5
cw_add_ran5_cv1.ghatREL1,0.821319706010903,cw,add,5,1
cw_add_ran5_cv2.ghatREL1,0.485730907260232,cw,add,5,2
cw_add_ran5_cv3.ghatREL1,0.732948569379132,cw,add,5,3
cw_add_ran5_cv4.ghatREL1,0.771217962927367,cw,add,5,4
cw_add_ran5_cv5.ghatREL1,0.781510801263145,cw,add,5,5
cw_add_ran6_cv1.ghatREL1,0.687471049228147,cw,add,6,1
cw_add_ran6_cv2.ghatREL1,0.587558011125123,cw,add,6,2
cw_add_ran6_cv3.ghatREL1,0.651823953680447,cw,add,6,3
cw_add_ran6_cv4.ghatREL1,0.894730305989847,cw,add,6,4
cw_add_ran6_cv5.ghatREL1,0.81828976560983,cw,add,6,5
cw_add_ran7_cv1.ghatREL1,0.885752905204614,cw,add,7,1
cw_add_ran7_cv2.ghatREL1,0.757667330054659,cw,add,7,2
cw_add_ran7_cv3.ghatREL1,0.432796437477762,cw,add,7,3
cw_add_ran7_cv4.ghatREL1,0.669044079416786,cw,add,7,4
cw_add_ran7_cv5.ghatREL1,0.734433322550559,cw,add,7,5
cw_add_ran8_cv1.ghatREL1,0.873070043437733,cw,add,8,1
cw_add_ran8_cv2.ghatREL1,0.831632884338116,cw,add,8,2
cw_add_ran8_cv3.ghatREL1,0.545944595358259,cw,add,8,3
cw_add_ran8_cv4.ghatREL1,0.578435813710005,cw,add,8,4
cw_add_ran8_cv5.ghatREL1,0.70590712678182,cw,add,8,5
cw_add_ran9_cv1.ghatREL1,0.864156380328071,cw,add,9,1
cw_add_ran9_cv2.ghatREL1,0.548257929528453,cw,add,9,2
cw_add_ran9_cv3.ghatREL1,0.629457119604054,cw,add,9,3
cw_add_ran9_cv4.ghatREL1,0.678106169978035,cw,add,9,4
cw_add_ran9_cv5.ghatREL1,0.746849862010109,cw,add,9,5
cw_dom_ran10_cv1.ghatREL1,0.880855945429676,cw,dom,10,1
cw_dom_ran10_cv2.ghatREL1,0.744266590731823,cw,dom,10,2
cw_dom_ran10_cv3.ghatREL1,0.655254939663775,cw,dom,10,3
cw_dom_ran10_cv4.ghatREL1,0.701384605063905,cw,dom,10,4
cw_dom_ran10_cv5.ghatREL1,0.745417907003804,cw,dom,10,5
cw_dom_ran11_cv1.ghatREL1,0.768120348533821,cw,dom,11,1
cw_dom_ran11_cv2.ghatREL1,0.81714187578302,cw,dom,11,2
cw_dom_ran11_cv3.ghatREL1,0.77832052779377,cw,dom,11,3
cw_dom_ran11_cv4.ghatREL1,0.517515598200623,cw,dom,11,4
cw_dom_ran11_cv5.ghatREL1,0.779531051869148,cw,dom,11,5
cw_dom_ran12_cv1.ghatREL1,0.838881378428401,cw,dom,12,1
cw_dom_ran12_cv2.ghatREL1,0.756582454690179,cw,dom,12,2
cw_dom_ran12_cv3.ghatREL1,0.838749802709746,cw,dom,12,3
cw_dom_ran12_cv4.ghatREL1,0.817891902463774,cw,dom,12,4
cw_dom_ran12_cv5.ghatREL1,0.713430855793883,cw,dom,12,5
cw_dom_ran13_cv1.ghatREL1,0.884305574659696,cw,dom,13,1
cw_dom_ran13_cv2.ghatREL1,0.724947331606699,cw,dom,13,2
cw_dom_ran13_cv3.ghatREL1,0.794334380412386,cw,dom,13,3
cw_dom_ran13_cv4.ghatREL1,0.540094157617174,cw,dom,13,4
cw_dom_ran13_cv5.ghatREL1,0.896147261672144,cw,dom,13,5
cw_dom_ran14_cv1.ghatREL1,0.810631529622218,cw,dom,14,1
cw_dom_ran14_cv2.ghatREL1,0.629220165252305,cw,dom,14,2
cw_dom_ran14_cv3.ghatREL1,0.768015877867808,cw,dom,14,3
cw_dom_ran14_cv4.ghatREL1,0.704329672311003,cw,dom,14,4
cw_dom_ran14_cv5.ghatREL1,0.897898544986372,cw,dom,14,5
cw_dom_ran15_cv1.ghatREL1,0.601282767451685,cw,dom,15,1
cw_dom_ran15_cv2.ghatREL1,0.759218812542871,cw,dom,15,2
cw_dom_ran15_cv3.ghatREL1,0.656278754290377,cw,dom,15,3
cw_dom_ran15_cv4.ghatREL1,0.679714673932343,cw,dom,15,4
cw_dom_ran15_cv5.ghatREL1,0.661030906501424,cw,dom,15,5
cw_dom_ran16_cv1.ghatREL1,0.680752100929756,cw,dom,16,1
cw_dom_ran16_cv2.ghatREL1,0.711486376405289,cw,dom,16,2
cw_dom_ran16_cv3.ghatREL1,0.707271482558689,cw,dom,16,3
cw_dom_ran16_cv4.ghatREL1,0.757206842246257,cw,dom,16,4
cw_dom_ran16_cv5.ghatREL1,0.693447459747869,cw,dom,16,5
cw_dom_ran17_cv1.ghatREL1,0.767937625477066,cw,dom,17,1
cw_dom_ran17_cv2.ghatREL1,0.77681726245041,cw,dom,17,2
cw_dom_ran17_cv3.ghatREL1,0.566862518245371,cw,dom,17,3
cw_dom_ran17_cv5.ghatREL1,0.724112605759949,cw,dom,17,5
cw_dom_ran18_cv2.ghatREL1,0.69496685140643,cw,dom,18,2
cw_dom_ran18_cv3.ghatREL1,0.467814445474245,cw,dom,18,3
cw_dom_ran18_cv4.ghatREL1,0.822204802352118,cw,dom,18,4
cw_dom_ran18_cv5.ghatREL1,0.667055885698992,cw,dom,18,5
cw_dom_ran19_cv1.ghatREL1,0.757362935325465,cw,dom,19,1
cw_dom_ran19_cv2.ghatREL1,0.927554751906985,cw,dom,19,2
cw_dom_ran19_cv3.ghatREL1,0.720492808938687,cw,dom,19,3
cw_dom_ran19_cv4.ghatREL1,0.481147883193146,cw,dom,19,4
cw_dom_ran1_cv1.ghatREL1,0.896147261672144,cw,dom,1,1
cw_dom_ran1_cv2.ghatREL1,0.48938531522382,cw,dom,1,2
cw_dom_ran1_cv3.ghatREL1,0.723867524754465,cw,dom,1,3
cw_dom_ran1_cv4.ghatREL1,0.688605721014697,cw,dom,1,4
cw_dom_ran1_cv5.ghatREL1,0.74237934284308,cw,dom,1,5
cw_dom_ran20_cv1.ghatREL1,0.731853671293641,cw,dom,20,1
cw_dom_ran20_cv2.ghatREL2,0.683780870442693,cw,dom,20,2
cw_dom_ran20_cv3.ghatREL1,0.793329281901242,cw,dom,20,3
cw_dom_ran20_cv4.ghatREL1,0.695899144070081,cw,dom,20,4
cw_dom_ran20_cv5.ghatREL1,0.916455088659903,cw,dom,20,5
cw_dom_ran2_cv1.ghatREL1,0.866286554571148,cw,dom,2,1
cw_dom_ran2_cv3.ghatREL1,0.760589051878501,cw,dom,2,3
cw_dom_ran2_cv4.ghatREL1,0.626172097131433,cw,dom,2,4
cw_dom_ran2_cv5.ghatREL1,0.662105717755057,cw,dom,2,5
cw_dom_ran3_cv1.ghatREL1,0.728813058708733,cw,dom,3,1
cw_dom_ran3_cv2.ghatREL1,0.447085737638074,cw,dom,3,2
cw_dom_ran3_cv3.ghatREL1,0.804675136129021,cw,dom,3,3
cw_dom_ran3_cv4.ghatREL1,0.636891387304138,cw,dom,3,4
cw_dom_ran3_cv5.ghatREL1,0.716933274962683,cw,dom,3,5
cw_dom_ran4_cv1.ghatREL1,0.833596640467024,cw,dom,4,1
cw_dom_ran4_cv2.ghatREL1,0.6548068643207,cw,dom,4,2
cw_dom_ran4_cv3.ghatREL1,0.763911335469567,cw,dom,4,3
cw_dom_ran4_cv4.ghatREL1,0.838671681652627,cw,dom,4,4
cw_dom_ran4_cv5.ghatREL1,0.597290275468005,cw,dom,4,5
cw_dom_ran5_cv1.ghatREL1,0.852079160971884,cw,dom,5,1
cw_dom_ran5_cv2.ghatREL1,0.586174675094587,cw,dom,5,2
cw_dom_ran5_cv3.ghatREL1,0.732091888084944,cw,dom,5,3
cw_dom_ran5_cv4.ghatREL1,0.832009100498512,cw,dom,5,4
cw_dom_ran5_cv5.ghatREL1,0.777523798816041,cw,dom,5,5
cw_dom_ran6_cv1.ghatREL1,0.754894932084008,cw,dom,6,1
cw_dom_ran6_cv2.ghatREL1,0.574828686535327,cw,dom,6,2
cw_dom_ran6_cv3.ghatREL1,0.678124251252461,cw,dom,6,3
cw_dom_ran6_cv4.ghatREL1,0.902972216944241,cw,dom,6,4
cw_dom_ran6_cv5.ghatREL1,0.862352678651355,cw,dom,6,5
cw_dom_ran7_cv1.ghatREL1,0.892048154824554,cw,dom,7,1
cw_dom_ran7_cv2.ghatREL1,0.775115351218651,cw,dom,7,2
cw_dom_ran7_cv3.ghatREL1,0.472817412360266,cw,dom,7,3
cw_dom_ran7_cv4.ghatREL1,0.697291922903607,cw,dom,7,4
cw_dom_ran7_cv5.ghatREL1,0.778710405292351,cw,dom,7,5
cw_dom_ran8_cv1.ghatREL1,0.870217895947557,cw,dom,8,1
cw_dom_ran8_cv2.ghatREL1,0.802552651947605,cw,dom,8,2
cw_dom_ran8_cv3.ghatREL1,0.573487419286571,cw,dom,8,3
cw_dom_ran8_cv4.ghatREL1,0.602284554540587,cw,dom,8,4
cw_dom_ran9_cv1.ghatREL1,0.86174452821261,cw,dom,9,1
cw_dom_ran9_cv2.ghatREL1,0.602417944286709,cw,dom,9,2
cw_dom_ran9_cv3.ghatREL1,0.681571121008409,cw,dom,9,3
cw_dom_ran9_cv4.ghatREL1,0.741840099741794,cw,dom,9,4
kc_add_ran10_cv1.ghatREL1,0.669128324756113,kc,add,10,1
kc_add_ran10_cv2.ghatREL1,0.427547845745358,kc,add,10,2
kc_add_ran10_cv3.ghatREL1,0.43512609400009,kc,add,10,3
kc_add_ran10_cv4.ghatREL1,0.819237111130427,kc,add,10,4
kc_add_ran10_cv5.ghatREL1,0.723055796569023,kc,add,10,5
kc_add_ran11_cv1.ghatREL1,0.776255670349668,kc,add,11,1
kc_add_ran11_cv2.ghatREL1,0.469585550810466,kc,add,11,2
kc_add_ran11_cv3.ghatREL1,0.702409405425636,kc,add,11,3
kc_add_ran11_cv4.ghatREL1,0.695629767478476,kc,add,11,4
kc_add_ran11_cv5.ghatREL1,0.556131724367405,kc,add,11,5
kc_add_ran12_cv1.ghatREL1,0.557121492937299,kc,add,12,1
kc_add_ran12_cv2.ghatREL1,0.748475793601548,kc,add,12,2
kc_add_ran12_cv3.ghatREL1,0.540146084537192,kc,add,12,3
kc_add_ran12_cv4.ghatREL1,0.675862241852149,kc,add,12,4
kc_add_ran12_cv5.ghatREL1,0.560890610874815,kc,add,12,5
kc_add_ran13_cv1.ghatREL1,0.539467656641875,kc,add,13,1
kc_add_ran13_cv2.ghatREL1,0.594983441591667,kc,add,13,2
kc_add_ran13_cv3.ghatREL1,0.492032089696428,kc,add,13,3
kc_add_ran13_cv4.ghatREL1,0.575697026389028,kc,add,13,4
kc_add_ran13_cv5.ghatREL1,0.603263364006301,kc,add,13,5
kc_add_ran14_cv1.ghatREL1,0.465364402822328,kc,add,14,1
kc_add_ran14_cv2.ghatREL1,0.549506211538055,kc,add,14,2
kc_add_ran14_cv3.ghatREL1,0.57923539912092,kc,add,14,3
kc_add_ran14_cv4.ghatREL1,0.684601676149077,kc,add,14,4
kc_add_ran14_cv5.ghatREL1,0.667974514091776,kc,add,14,5
kc_add_ran15_cv1.ghatREL1,0.582010379479927,kc,add,15,1
kc_add_ran15_cv2.ghatREL1,0.557571393594696,kc,add,15,2
kc_add_ran15_cv3.ghatREL1,0.865064895749222,kc,add,15,3
kc_add_ran15_cv4.ghatREL1,0.625608148997959,kc,add,15,4
kc_add_ran15_cv5.ghatREL1,0.299921348370293,kc,add,15,5
kc_add_ran16_cv1.ghatREL1,0.599344376252041,kc,add,16,1
kc_add_ran16_cv2.ghatREL1,0.661352640209294,kc,add,16,2
kc_add_ran16_cv3.ghatREL1,0.62381616050719,kc,add,16,3
kc_add_ran16_cv4.ghatREL1,0.376916375172201,kc,add,16,4
kc_add_ran16_cv5.ghatREL1,0.627836716377572,kc,add,16,5
kc_add_ran17_cv1.ghatREL1,0.788463411355359,kc,add,17,1
kc_add_ran17_cv2.ghatREL1,0.647943021422513,kc,add,17,2
kc_add_ran17_cv3.ghatREL1,0.717862744260013,kc,add,17,3
kc_add_ran17_cv4.ghatREL1,0.686254582886871,kc,add,17,4
kc_add_ran17_cv5.ghatREL1,0.571908920557191,kc,add,17,5
kc_add_ran18_cv1.ghatREL1,0.584455690224712,kc,add,18,1
kc_add_ran18_cv2.ghatREL1,0.78408216893205,kc,add,18,2
kc_add_ran18_cv3.ghatREL1,0.741019732310393,kc,add,18,3
kc_add_ran18_cv4.ghatREL1,0.734375561910414,kc,add,18,4
kc_add_ran18_cv5.ghatREL1,0.600063704518285,kc,add,18,5
kc_add_ran19_cv1.ghatREL1,0.540792613406396,kc,add,19,1
kc_add_ran19_cv2.ghatREL1,0.549379730371494,kc,add,19,2
kc_add_ran19_cv3.ghatREL1,0.476243760047541,kc,add,19,3
kc_add_ran19_cv4.ghatREL1,0.620078480957583,kc,add,19,4
kc_add_ran19_cv5.ghatREL1,0.607802602797594,kc,add,19,5
kc_add_ran1_cv1.ghatREL1,0.603263364006301,kc,add,1,1
kc_add_ran1_cv2.ghatREL1,0.698793490866558,kc,add,1,2
kc_add_ran1_cv3.ghatREL1,0.590508742899972,kc,add,1,3
kc_add_ran1_cv4.ghatREL1,0.428905413781769,kc,add,1,4
kc_add_ran1_cv5.ghatREL1,0.649948170063522,kc,add,1,5
kc_add_ran20_cv1.ghatREL1,0.637414392110814,kc,add,20,1
kc_add_ran20_cv2.ghatREL1,0.660011959938822,kc,add,20,2
kc_add_ran20_cv3.ghatREL1,0.715825650266758,kc,add,20,3
kc_add_ran20_cv4.ghatREL1,0.540811644384296,kc,add,20,4
kc_add_ran20_cv5.ghatREL1,0.654898987530832,kc,add,20,5
kc_add_ran2_cv1.ghatREL1,0.664829536334252,kc,add,2,1
kc_add_ran2_cv2.ghatREL1,0.558869695895609,kc,add,2,2
kc_add_ran2_cv3.ghatREL1,0.658689111686219,kc,add,2,3
kc_add_ran2_cv4.ghatREL1,0.72917625619499,kc,add,2,4
kc_add_ran2_cv5.ghatREL1,0.616299331665449,kc,add,2,5
kc_add_ran3_cv1.ghatREL1,0.782367064121804,kc,add,3,1
kc_add_ran3_cv2.ghatREL1,0.492827870390625,kc,add,3,2
kc_add_ran3_cv3.ghatREL1,0.593406482262788,kc,add,3,3
kc_add_ran3_cv4.ghatREL1,0.767281716686081,kc,add,3,4
kc_add_ran3_cv5.ghatREL1,0.58370636373508,kc,add,3,5
kc_add_ran4_cv1.ghatREL1,0.664671384348715,kc,add,4,1
kc_add_ran4_cv2.ghatREL1,0.693879643029286,kc,add,4,2
kc_add_ran4_cv3.ghatREL1,0.657016466420301,kc,add,4,3
kc_add_ran4_cv4.ghatREL1,0.387842551975535,kc,add,4,4
kc_add_ran4_cv5.ghatREL1,0.675965780438395,kc,add,4,5
kc_add_ran5_cv1.ghatREL1,0.528728879930581,kc,add,5,1
kc_add_ran5_cv2.ghatREL1,0.498170621539342,kc,add,5,2
kc_add_ran5_cv3.ghatREL1,0.642937628927428,kc,add,5,3
kc_add_ran5_cv4.ghatREL1,0.567579847955723,kc,add,5,4
kc_add_ran5_cv5.ghatREL1,0.749461154839755,kc,add,5,5
kc_add_ran6_cv1.ghatREL1,0.536981576877767,kc,add,6,1
kc_add_ran6_cv2.ghatREL1,0.605648306860798,kc,add,6,2
kc_add_ran6_cv3.ghatREL1,0.626554089283955,kc,add,6,3
kc_add_ran6_cv4.ghatREL1,0.462029904735231,kc,add,6,4
kc_add_ran6_cv5.ghatREL1,0.673798614361931,kc,add,6,5
kc_add_ran7_cv1.ghatREL1,0.559600201876311,kc,add,7,1
kc_add_ran7_cv2.ghatREL1,0.696633762976546,kc,add,7,2
kc_add_ran7_cv3.ghatREL1,0.582698650829941,kc,add,7,3
kc_add_ran7_cv4.ghatREL1,0.670850801060584,kc,add,7,4
kc_add_ran7_cv5.ghatREL1,0.736745116683765,kc,add,7,5
kc_add_ran8_cv1.ghatREL1,0.672276634294938,kc,add,8,1
kc_add_ran8_cv2.ghatREL1,0.666776900643379,kc,add,8,2
kc_add_ran8_cv3.ghatREL1,0.640076857274982,kc,add,8,3
kc_add_ran8_cv4.ghatREL1,0.690749823110035,kc,add,8,4
kc_add_ran8_cv5.ghatREL1,0.384355589005644,kc,add,8,5
kc_add_ran9_cv1.ghatREL1,0.709001344403225,kc,add,9,1
kc_add_ran9_cv2.ghatREL1,0.5691250082953,kc,add,9,2
kc_add_ran9_cv3.ghatREL1,0.361080293541517,kc,add,9,3
kc_add_ran9_cv4.ghatREL1,0.67689105687561,kc,add,9,4
kc_add_ran9_cv5.ghatREL1,0.573022845550302,kc,add,9,5
kc_dom_ran10_cv1.ghatREL1,0.723378623018665,kc,dom,10,1
kc_dom_ran10_cv2.ghatREL1,0.578420133203778,kc,dom,10,2
kc_dom_ran10_cv3.ghatREL1,0.591838466408963,kc,dom,10,3
kc_dom_ran10_cv4.ghatREL1,0.767205303418172,kc,dom,10,4
kc_dom_ran10_cv5.ghatREL1,0.787486281300365,kc,dom,10,5
kc_dom_ran11_cv1.ghatREL1,0.816928527064388,kc,dom,11,1
kc_dom_ran11_cv2.ghatREL1,0.595189957758037,kc,dom,11,2
kc_dom_ran11_cv3.ghatREL1,0.759415803853519,kc,dom,11,3
kc_dom_ran11_cv4.ghatREL1,0.751240430214486,kc,dom,11,4
kc_dom_ran11_cv5.ghatREL1,0.600028171462666,kc,dom,11,5
kc_dom_ran12_cv1.ghatREL1,0.623934159785461,kc,dom,12,1
kc_dom_ran12_cv2.ghatREL1,0.801050161481898,kc,dom,12,2
kc_dom_ran12_cv3.ghatREL1,0.674531292281593,kc,dom,12,3
kc_dom_ran12_cv4.ghatREL1,0.615372537650793,kc,dom,12,4
kc_dom_ran12_cv5.ghatREL1,0.704985909464473,kc,dom,12,5
kc_dom_ran13_cv1.ghatREL1,0.631052672712259,kc,dom,13,1
kc_dom_ran13_cv2.ghatREL1,0.688893488786564,kc,dom,13,2
kc_dom_ran13_cv3.ghatREL1,0.610010860121603,kc,dom,13,3
kc_dom_ran13_cv4.ghatREL1,0.67935029967554,kc,dom,13,4
kc_dom_ran13_cv5.ghatREL1,0.713983452992816,kc,dom,13,5
kc_dom_ran14_cv1.ghatREL1,0.618584279628657,kc,dom,14,1
kc_dom_ran14_cv2.ghatREL1,0.63583698271313,kc,dom,14,2
kc_dom_ran14_cv3.ghatREL1,0.557452506246804,kc,dom,14,3
kc_dom_ran14_cv4.ghatREL1,0.795071888996341,kc,dom,14,4
kc_dom_ran14_cv5.ghatREL1,0.761533116671763,kc,dom,14,5
kc_dom_ran15_cv1.ghatREL1,0.711873207423749,kc,dom,15,1
kc_dom_ran15_cv3.ghatREL1,0.882830502089575,kc,dom,15,3
kc_dom_ran15_cv4.ghatREL1,0.603367588925002,kc,dom,15,4
kc_dom_ran15_cv5.ghatREL1,0.329024349394744,kc,dom,15,5
kc_dom_ran16_cv1.ghatREL1,0.671484945447462,kc,dom,16,1
kc_dom_ran16_cv2.ghatREL1,0.799022994426442,kc,dom,16,2
kc_dom_ran16_cv3.ghatREL1,0.708350019061137,kc,dom,16,3
kc_dom_ran16_cv4.ghatREL1,0.529212906423262,kc,dom,16,4
kc_dom_ran16_cv5.ghatREL1,0.664904413792354,kc,dom,16,5
kc_dom_ran17_cv1.ghatREL1,0.828501127086472,kc,dom,17,1
kc_dom_ran17_cv3.ghatREL1,0.784211634081869,kc,dom,17,3
kc_dom_ran17_cv4.ghatREL1,0.646921678449166,kc,dom,17,4
kc_dom_ran17_cv5.ghatREL1,0.653916628534168,kc,dom,17,5
kc_dom_ran18_cv1.ghatREL1,0.686972043382388,kc,dom,18,1
kc_dom_ran18_cv2.ghatREL1,0.843294330604514,kc,dom,18,2
kc_dom_ran18_cv3.ghatREL1,0.782637174703152,kc,dom,18,3
kc_dom_ran18_cv4.ghatREL1,0.796599994276529,kc,dom,18,4
kc_dom_ran18_cv5.ghatREL1,0.579225527540316,kc,dom,18,5
kc_dom_ran19_cv1.ghatREL1,0.703161179770038,kc,dom,19,1
kc_dom_ran19_cv2.ghatREL1,0.668258349965775,kc,dom,19,2
kc_dom_ran19_cv3.ghatREL1,0.616264359538962,kc,dom,19,3
kc_dom_ran19_cv4.ghatREL1,0.674408566747187,kc,dom,19,4
kc_dom_ran19_cv5.ghatREL1,0.697894213151122,kc,dom,19,5
kc_dom_ran1_cv1.ghatREL1,0.713983452992816,kc,dom,1,1
kc_dom_ran1_cv2.ghatREL1,0.693049424906788,kc,dom,1,2
kc_dom_ran1_cv3.ghatREL1,0.653232665349755,kc,dom,1,3
kc_dom_ran1_cv4.ghatREL1,0.572524543485543,kc,dom,1,4
kc_dom_ran1_cv5.ghatREL1,0.73653247805324,kc,dom,1,5
kc_dom_ran20_cv1.ghatREL1,0.739691869508514,kc,dom,20,1
kc_dom_ran20_cv2.ghatREL1,0.638978230109251,kc,dom,20,2
kc_dom_ran20_cv3.ghatREL1,0.760032982633196,kc,dom,20,3
kc_dom_ran20_cv4.ghatREL1,0.693236198100361,kc,dom,20,4
kc_dom_ran2_cv1.ghatREL1,0.717373674798466,kc,dom,2,1
kc_dom_ran2_cv2.ghatREL1,0.646458051073204,kc,dom,2,2
kc_dom_ran2_cv3.ghatREL1,0.740993205227748,kc,dom,2,3
kc_dom_ran2_cv4.ghatREL1,0.747613945812323,kc,dom,2,4
kc_dom_ran2_cv5.ghatREL1,0.64915791007137,kc,dom,2,5
kc_dom_ran3_cv1.ghatREL1,0.805585620687744,kc,dom,3,1
kc_dom_ran3_cv2.ghatREL1,0.61109431542354,kc,dom,3,2
kc_dom_ran3_cv3.ghatREL1,0.693879651196491,kc,dom,3,3
kc_dom_ran3_cv4.ghatREL1,0.813278804929058,kc,dom,3,4
kc_dom_ran3_cv5.ghatREL1,0.702802182025416,kc,dom,3,5
kc_dom_ran4_cv1.ghatREL1,0.740542908754281,kc,dom,4,1
kc_dom_ran4_cv2.ghatREL1,0.758628731907134,kc,dom,4,2
kc_dom_ran4_cv3.ghatREL1,0.780606286412539,kc,dom,4,3
kc_dom_ran4_cv4.ghatREL1,0.528566132291626,kc,dom,4,4
kc_dom_ran4_cv5.ghatREL1,0.67847262754944,kc,dom,4,5
kc_dom_ran5_cv1.ghatREL1,0.634128385789366,kc,dom,5,1
kc_dom_ran5_cv2.ghatREL1,0.632856676992401,kc,dom,5,2
kc_dom_ran5_cv3.ghatREL1,0.692174940283033,kc,dom,5,3
kc_dom_ran5_cv4.ghatREL1,0.704681558940056,kc,dom,5,4
kc_dom_ran5_cv5.ghatREL1,0.795850377443066,kc,dom,5,5
kc_dom_ran6_cv2.ghatREL1,0.651536908739088,kc,dom,6,2
kc_dom_ran6_cv3.ghatREL1,0.71440569625993,kc,dom,6,3
kc_dom_ran6_cv4.ghatREL1,0.552568094701044,kc,dom,6,4
kc_dom_ran6_cv5.ghatREL1,0.73345139517824,kc,dom,6,5
kc_dom_ran7_cv1.ghatREL1,0.615728097594079,kc,dom,7,1
kc_dom_ran7_cv2.ghatREL1,0.756863628437784,kc,dom,7,2
kc_dom_ran7_cv3.ghatREL1,0.66793892602488,kc,dom,7,3
kc_dom_ran7_cv4.ghatREL1,0.740062292059538,kc,dom,7,4
kc_dom_ran7_cv5.ghatREL1,0.780633488874398,kc,dom,7,5
kc_dom_ran8_cv1.ghatREL1,0.698443648424717,kc,dom,8,1
kc_dom_ran8_cv2.ghatREL1,0.661675590692038,kc,dom,8,2
kc_dom_ran8_cv3.ghatREL1,0.70954063341542,kc,dom,8,3
kc_dom_ran8_cv4.ghatREL1,0.745460375921617,kc,dom,8,4
kc_dom_ran8_cv5.ghatREL1,0.526766706208594,kc,dom,8,5
kc_dom_ran9_cv1.ghatREL1,0.780284714760409,kc,dom,9,1
kc_dom_ran9_cv2.ghatREL1,0.68326985647487,kc,dom,9,2
kc_dom_ran9_cv3.ghatREL1,0.4792972330862,kc,dom,9,3
kc_dom_ran9_cv4.ghatREL1,0.774349290169486,kc,dom,9,4
kc_dom_ran9_cv5.ghatREL1,0.628951849707069,kc,dom,9,5
krn_add_ran10_cv1.ghatREL1,0.776585438657277,krn,add,10,1
krn_add_ran10_cv2.ghatREL1,0.495139629640149,krn,add,10,2
krn_add_ran10_cv3.ghatREL1,0.670980186434598,krn,add,10,3
krn_add_ran10_cv4.ghatREL1,0.792795351448299,krn,add,10,4
krn_add_ran10_cv5.ghatREL1,0.780267417252788,krn,add,10,5
krn_add_ran11_cv1.ghatREL1,0.776272943280442,krn,add,11,1
krn_add_ran11_cv2.ghatREL1,0.689721470623614,krn,add,11,2
krn_add_ran11_cv3.ghatREL1,0.600145436467717,krn,add,11,3
krn_add_ran11_cv4.ghatREL1,0.727831842372604,krn,add,11,4
krn_add_ran11_cv5.ghatREL1,0.578288024005387,krn,add,11,5
krn_add_ran12_cv1.ghatREL1,0.577562104952879,krn,add,12,1
krn_add_ran12_cv2.ghatREL1,0.797702014785409,krn,add,12,2
krn_add_ran12_cv3.ghatREL1,0.561175647007421,krn,add,12,3
krn_add_ran12_cv4.ghatREL1,0.524763829681832,krn,add,12,4
krn_add_ran12_cv5.ghatREL1,0.651299260473311,krn,add,12,5
krn_add_ran13_cv1.ghatREL1,0.731215118239563,krn,add,13,1
krn_add_ran13_cv2.ghatREL1,0.639032157843947,krn,add,13,2
krn_add_ran13_cv3.ghatREL1,0.751807199373678,krn,add,13,3
krn_add_ran13_cv4.ghatREL1,0.619784847571051,krn,add,13,4
krn_add_ran13_cv5.ghatREL1,0.742951246318416,krn,add,13,5
krn_add_ran14_cv1.ghatREL1,0.706056417935378,krn,add,14,1
krn_add_ran14_cv2.ghatREL1,0.579515765162695,krn,add,14,2
krn_add_ran14_cv3.ghatREL1,0.67305508427692,krn,add,14,3
krn_add_ran14_cv4.ghatREL1,0.811101917584411,krn,add,14,4
krn_add_ran14_cv5.ghatREL1,0.66683622955592,krn,add,14,5
krn_add_ran15_cv1.ghatREL1,0.583831048427153,krn,add,15,1
krn_add_ran15_cv2.ghatREL1,0.734042549886274,krn,add,15,2
krn_add_ran15_cv3.ghatREL1,0.84911820557317,krn,add,15,3
krn_add_ran15_cv4.ghatREL1,0.59076743870451,krn,add,15,4
krn_add_ran15_cv5.ghatREL1,0.441410806230792,krn,add,15,5
krn_add_ran16_cv1.ghatREL1,0.657742894623805,krn,add,16,1
krn_add_ran16_cv2.ghatREL1,0.613140946356067,krn,add,16,2
krn_add_ran16_cv3.ghatREL1,0.67463047933224,krn,add,16,3
krn_add_ran16_cv4.ghatREL1,0.761469693105617,krn,add,16,4
krn_add_ran16_cv5.ghatREL1,0.677488885596132,krn,add,16,5
krn_add_ran17_cv1.ghatREL1,0.727772077544154,krn,add,17,1
krn_add_ran17_cv2.ghatREL1,0.639724577294431,krn,add,17,2
krn_add_ran17_cv3.ghatREL1,0.599841102007217,krn,add,17,3
krn_add_ran17_cv4.ghatREL1,0.78996198703524,krn,add,17,4
krn_add_ran17_cv5.ghatREL1,0.597989873400915,krn,add,17,5
krn_add_ran18_cv1.ghatREL1,0.77602235823098,krn,add,18,1
krn_add_ran18_cv2.ghatREL1,0.800891058368782,krn,add,18,2
krn_add_ran18_cv3.ghatREL1,0.618561006922455,krn,add,18,3
krn_add_ran18_cv4.ghatREL1,0.810750678036479,krn,add,18,4
krn_add_ran18_cv5.ghatREL1,0.575062218945055,krn,add,18,5
krn_add_ran19_cv1.ghatREL1,0.812015784099592,krn,add,19,1
krn_add_ran19_cv2.ghatREL1,0.677964820507513,krn,add,19,2
krn_add_ran19_cv3.ghatREL1,0.562362290725848,krn,add,19,3
krn_add_ran19_cv4.ghatREL1,0.469852373548509,krn,add,19,4
krn_add_ran19_cv5.ghatREL1,0.609919477309981,krn,add,19,5
krn_add_ran1_cv1.ghatREL1,0.742951246318416,krn,add,1,1
krn_add_ran1_cv2.ghatREL1,0.636178436995071,krn,add,1,2
krn_add_ran1_cv3.ghatREL1,0.582521920784394,krn,add,1,3
krn_add_ran1_cv4.ghatREL1,0.500616482510277,krn,add,1,4
krn_add_ran1_cv5.ghatREL1,0.718992856327437,krn,add,1,5
krn_add_ran20_cv1.ghatREL1,0.581089384234714,krn,add,20,1
krn_add_ran20_cv2.ghatREL1,0.741450430158471,krn,add,20,2
krn_add_ran20_cv3.ghatREL1,0.695369379892024,krn,add,20,3
krn_add_ran20_cv4.ghatREL1,0.521347001231563,krn,add,20,4
krn_add_ran20_cv5.ghatREL1,0.671835285237729,krn,add,20,5
krn_add_ran2_cv1.ghatREL1,0.571470977158264,krn,add,2,1
krn_add_ran2_cv2.ghatREL1,0.723049316079403,krn,add,2,2
krn_add_ran2_cv3.ghatREL1,0.726868414078855,krn,add,2,3
krn_add_ran2_cv4.ghatREL1,0.611734179400938,krn,add,2,4
krn_add_ran2_cv5.ghatREL1,0.579419314854689,krn,add,2,5
krn_add_ran3_cv1.ghatREL1,0.904508079059513,krn,add,3,1
krn_add_ran3_cv2.ghatREL1,0.636054364634394,krn,add,3,2
krn_add_ran3_cv3.ghatREL1,0.653484901408398,krn,add,3,3
krn_add_ran3_cv4.ghatREL1,0.622664102345731,krn,add,3,4
krn_add_ran3_cv5.ghatREL1,0.757753022850088,krn,add,3,5
krn_add_ran4_cv1.ghatREL1,0.722204386861428,krn,add,4,1
krn_add_ran4_cv2.ghatREL1,0.674432012618868,krn,add,4,2
krn_add_ran4_cv3.ghatREL1,0.756610870337837,krn,add,4,3
krn_add_ran4_cv4.ghatREL1,0.582548365224566,krn,add,4,4
krn_add_ran4_cv5.ghatREL1,0.583080071769095,krn,add,4,5
krn_add_ran5_cv1.ghatREL1,0.768135157770877,krn,add,5,1
krn_add_ran5_cv2.ghatREL1,0.644092764584211,krn,add,5,2
krn_add_ran5_cv3.ghatREL1,0.604267240727313,krn,add,5,3
krn_add_ran5_cv4.ghatREL1,0.730498773182562,krn,add,5,4
krn_add_ran5_cv5.ghatREL1,0.693697717349977,krn,add,5,5
krn_add_ran6_cv1.ghatREL1,0.78819519295906,krn,add,6,1
krn_add_ran6_cv2.ghatREL1,0.678057969696578,krn,add,6,2
krn_add_ran6_cv3.ghatREL1,0.664172744885699,krn,add,6,3
krn_add_ran6_cv4.ghatREL1,0.531920274356079,krn,add,6,4
krn_add_ran6_cv5.ghatREL1,0.635956787156263,krn,add,6,5
krn_add_ran7_cv1.ghatREL1,0.600183248003611,krn,add,7,1
krn_add_ran7_cv2.ghatREL1,0.776279924836905,krn,add,7,2
krn_add_ran7_cv3.ghatREL1,0.717808039057028,krn,add,7,3
krn_add_ran7_cv4.ghatREL1,0.770679622675971,krn,add,7,4
krn_add_ran7_cv5.ghatREL1,0.788286781272482,krn,add,7,5
krn_add_ran8_cv1.ghatREL1,0.690275445612813,krn,add,8,1
krn_add_ran8_cv2.ghatREL1,0.695473076860517,krn,add,8,2
krn_add_ran8_cv3.ghatREL1,0.664734492729719,krn,add,8,3
krn_add_ran8_cv4.ghatREL1,0.709624849349761,krn,add,8,4
krn_add_ran8_cv5.ghatREL1,0.66721431862029,krn,add,8,5
krn_add_ran9_cv1.ghatREL1,0.715634726035653,krn,add,9,1
krn_add_ran9_cv2.ghatREL1,0.557071086672322,krn,add,9,2
krn_add_ran9_cv3.ghatREL1,0.539730983284388,krn,add,9,3
krn_add_ran9_cv4.ghatREL1,0.82742999525948,krn,add,9,4
krn_add_ran9_cv5.ghatREL1,0.452756560146846,krn,add,9,5
krn_dom_ran10_cv1.ghatREL1,0.78036476826774,krn,dom,10,1
krn_dom_ran10_cv2.ghatREL1,0.483867128856985,krn,dom,10,2
krn_dom_ran10_cv3.ghatREL1,0.659243234376444,krn,dom,10,3
krn_dom_ran10_cv4.ghatREL1,0.782629807896586,krn,dom,10,4
krn_dom_ran10_cv5.ghatREL1,0.784762145461819,krn,dom,10,5
krn_dom_ran11_cv1.ghatREL1,0.782013422790403,krn,dom,11,1
krn_dom_ran11_cv3.ghatREL1,0.615949976840276,krn,dom,11,3
krn_dom_ran11_cv4.ghatREL1,0.739140341494489,krn,dom,11,4
krn_dom_ran11_cv5.ghatREL1,0.562871174412177,krn,dom,11,5
krn_dom_ran12_cv1.ghatREL1,0.587943539257901,krn,dom,12,1
krn_dom_ran12_cv2.ghatREL1,0.823579873529232,krn,dom,12,2
krn_dom_ran12_cv3.ghatREL1,0.590271989720498,krn,dom,12,3
krn_dom_ran12_cv4.ghatREL1,0.499641240883926,krn,dom,12,4
krn_dom_ran12_cv5.ghatREL1,0.660034673353382,krn,dom,12,5
krn_dom_ran13_cv1.ghatREL1,0.752299673359465,krn,dom,13,1
krn_dom_ran13_cv2.ghatREL1,0.631529221736682,krn,dom,13,2
krn_dom_ran13_cv3.ghatREL1,0.748115465320763,krn,dom,13,3
krn_dom_ran13_cv4.ghatREL1,0.635329861954659,krn,dom,13,4
krn_dom_ran13_cv5.ghatREL1,0.764122070858808,krn,dom,13,5
krn_dom_ran14_cv1.ghatREL1,0.737462506575452,krn,dom,14,1
krn_dom_ran14_cv2.ghatREL1,0.575591922112455,krn,dom,14,2
krn_dom_ran14_cv3.ghatREL1,0.687461745433646,krn,dom,14,3
krn_dom_ran14_cv4.ghatREL1,0.805745945377415,krn,dom,14,4
krn_dom_ran14_cv5.ghatREL1,0.664186099129088,krn,dom,14,5
krn_dom_ran15_cv1.ghatREL1,0.571797460837986,krn,dom,15,1
krn_dom_ran15_cv2.ghatREL1,0.741657833813744,krn,dom,15,2
krn_dom_ran15_cv3.ghatREL1,0.854773202560102,krn,dom,15,3
krn_dom_ran15_cv4.ghatREL1,0.572347375434557,krn,dom,15,4
krn_dom_ran15_cv5.ghatREL1,0.452284214127675,krn,dom,15,5
krn_dom_ran16_cv1.ghatREL1,0.672343382117407,krn,dom,16,1
krn_dom_ran16_cv2.ghatREL1,0.614129187299155,krn,dom,16,2
krn_dom_ran16_cv3.ghatREL1,0.685314493851998,krn,dom,16,3
krn_dom_ran16_cv4.ghatREL1,0.785434968742949,krn,dom,16,4
krn_dom_ran16_cv5.ghatREL1,0.695181508530495,krn,dom,16,5
krn_dom_ran17_cv1.ghatREL1,0.731900340926325,krn,dom,17,1
krn_dom_ran17_cv2.ghatREL1,0.638018484318296,krn,dom,17,2
krn_dom_ran17_cv3.ghatREL1,0.609754484154659,krn,dom,17,3
krn_dom_ran17_cv4.ghatREL1,0.77735453321596,krn,dom,17,4
krn_dom_ran17_cv5.ghatREL1,0.6181322571133,krn,dom,17,5
krn_dom_ran18_cv1.ghatREL1,0.787069600565875,krn,dom,18,1
krn_dom_ran18_cv2.ghatREL1,0.7964953636224,krn,dom,18,2
krn_dom_ran18_cv3.ghatREL1,0.638129523389008,krn,dom,18,3
krn_dom_ran18_cv4.ghatREL1,0.81808971874882,krn,dom,18,4
krn_dom_ran18_cv5.ghatREL1,0.574384473616753,krn,dom,18,5
krn_dom_ran19_cv1.ghatREL1,0.816055939253652,krn,dom,19,1
krn_dom_ran19_cv2.ghatREL1,0.693966681898096,krn,dom,19,2
krn_dom_ran19_cv3.ghatREL1,0.567619907595694,krn,dom,19,3
krn_dom_ran19_cv4.ghatREL1,0.477077536559224,krn,dom,19,4
krn_dom_ran19_cv5.ghatREL1,0.607608188860599,krn,dom,19,5
krn_dom_ran1_cv1.ghatREL1,0.764122070858808,krn,dom,1,1
krn_dom_ran1_cv2.ghatREL1,0.617877873595138,krn,dom,1,2
krn_dom_ran1_cv3.ghatREL1,0.597833350531182,krn,dom,1,3
krn_dom_ran1_cv4.ghatREL1,0.515663503423924,krn,dom,1,4
krn_dom_ran1_cv5.ghatREL1,0.739159680240387,krn,dom,1,5
krn_dom_ran20_cv1.ghatREL1,0.594093863213206,krn,dom,20,1
krn_dom_ran20_cv2.ghatREL1,0.728381096385661,krn,dom,20,2
krn_dom_ran20_cv3.ghatREL1,0.722292109559733,krn,dom,20,3
krn_dom_ran20_cv4.ghatREL1,0.539812801182271,krn,dom,20,4
krn_dom_ran20_cv5.ghatREL1,0.674595781128682,krn,dom,20,5
krn_dom_ran2_cv1.ghatREL1,0.570155500393173,krn,dom,2,1
krn_dom_ran2_cv2.ghatREL1,0.740281688542453,krn,dom,2,2
krn_dom_ran2_cv3.ghatREL1,0.740187879216929,krn,dom,2,3
krn_dom_ran2_cv4.ghatREL1,0.627484373745117,krn,dom,2,4
krn_dom_ran2_cv5.ghatREL1,0.560237667959773,krn,dom,2,5
krn_dom_ran3_cv1.ghatREL1,0.907857158576426,krn,dom,3,1
krn_dom_ran3_cv2.ghatREL1,0.632397281086507,krn,dom,3,2
krn_dom_ran3_cv3.ghatREL1,0.626140423231886,krn,dom,3,3
krn_dom_ran3_cv4.ghatREL1,0.638225212033313,krn,dom,3,4
krn_dom_ran3_cv5.ghatREL1,0.770532907720282,krn,dom,3,5
krn_dom_ran4_cv1.ghatREL1,0.730037881406254,krn,dom,4,1
krn_dom_ran4_cv2.ghatREL1,0.678510348441387,krn,dom,4,2
krn_dom_ran4_cv3.ghatREL1,0.762323294335488,krn,dom,4,3
krn_dom_ran4_cv5.ghatREL1,0.584391491253521,krn,dom,4,5
krn_dom_ran5_cv1.ghatREL1,0.773579079336493,krn,dom,5,1
krn_dom_ran5_cv2.ghatREL1,0.658568972159606,krn,dom,5,2
krn_dom_ran5_cv3.ghatREL1,0.623363715491611,krn,dom,5,3
krn_dom_ran5_cv4.ghatREL1,0.747929095053243,krn,dom,5,4
krn_dom_ran5_cv5.ghatREL1,0.688043674060845,krn,dom,5,5
krn_dom_ran6_cv1.ghatREL1,0.775806259061294,krn,dom,6,1
krn_dom_ran6_cv2.ghatREL1,0.697472115994019,krn,dom,6,2
krn_dom_ran6_cv3.ghatREL1,0.672069384469831,krn,dom,6,3
krn_dom_ran6_cv4.ghatREL1,0.554906129341372,krn,dom,6,4
krn_dom_ran6_cv5.ghatREL1,0.646657151776896,krn,dom,6,5
krn_dom_ran7_cv1.ghatREL1,0.604549840410764,krn,dom,7,1
krn_dom_ran7_cv2.ghatREL1,0.780535819126503,krn,dom,7,2
krn_dom_ran7_cv3.ghatREL1,0.741740673751986,krn,dom,7,3
krn_dom_ran7_cv4.ghatREL1,0.788416235290286,krn,dom,7,4
krn_dom_ran7_cv5.ghatREL1,0.795730976361592,krn,dom,7,5
krn_dom_ran8_cv1.ghatREL1,0.687314861002796,krn,dom,8,1
krn_dom_ran8_cv2.ghatREL1,0.682201394976668,krn,dom,8,2
krn_dom_ran8_cv3.ghatREL1,0.678500996881923,krn,dom,8,3
krn_dom_ran8_cv4.ghatREL1,0.738932224507049,krn,dom,8,4
krn_dom_ran8_cv5.ghatREL1,0.673635427094809,krn,dom,8,5
krn_dom_ran9_cv1.ghatREL1,0.727900456704232,krn,dom,9,1
krn_dom_ran9_cv2.ghatREL1,0.540163854258511,krn,dom,9,2
krn_dom_ran9_cv3.ghatREL1,0.550324450012046,krn,dom,9,3
krn_dom_ran9_cv4.ghatREL1,0.836698161384155,krn,dom,9,4
krn_dom_ran9_cv5.ghatREL1,0.46955862574524,krn,dom,9,5
tkw_add_ran10_cv1.ghatREL1,0.664844308826545,tkw,add,10,1
tkw_add_ran10_cv2.ghatREL1,0.573122887703039,tkw,add,10,2
tkw_add_ran10_cv3.ghatREL1,0.331857600093581,tkw,add,10,3
tkw_add_ran10_cv4.ghatREL1,0.793649277824631,tkw,add,10,4
tkw_add_ran10_cv5.ghatREL1,0.731281518009309,tkw,add,10,5
tkw_add_ran11_cv1.ghatREL1,0.78579606787515,tkw,add,11,1
tkw_add_ran11_cv2.ghatREL1,0.567177233946377,tkw,add,11,2
tkw_add_ran11_cv3.ghatREL1,0.702858811670945,tkw,add,11,3
tkw_add_ran11_cv4.ghatREL1,0.677860940617501,tkw,add,11,4
tkw_add_ran11_cv5.ghatREL1,0.617504779977773,tkw,add,11,5
tkw_add_ran12_cv1.ghatREL1,0.557659223648089,tkw,add,12,1
tkw_add_ran12_cv2.ghatREL1,0.70851857247901,tkw,add,12,2
tkw_add_ran12_cv3.ghatREL1,0.552077988075327,tkw,add,12,3
tkw_add_ran12_cv4.ghatREL1,0.713109055202805,tkw,add,12,4
tkw_add_ran12_cv5.ghatREL1,0.55466941813201,tkw,add,12,5
tkw_add_ran13_cv1.ghatREL1,0.571747442435341,tkw,add,13,1
tkw_add_ran13_cv2.ghatREL1,0.603252669877504,tkw,add,13,2
tkw_add_ran13_cv3.ghatREL1,0.58961746578599,tkw,add,13,3
tkw_add_ran13_cv4.ghatREL1,0.598665452933384,tkw,add,13,4
tkw_add_ran13_cv5.ghatREL1,0.514062483729086,tkw,add,13,5
tkw_add_ran14_cv1.ghatREL1,0.400954091482839,tkw,add,14,1
tkw_add_ran14_cv2.ghatREL1,0.582512892366476,tkw,add,14,2
tkw_add_ran14_cv3.ghatREL1,0.515320383072695,tkw,add,14,3
tkw_add_ran14_cv4.ghatREL1,0.672808072006951,tkw,add,14,4
tkw_add_ran14_cv5.ghatREL1,0.711360048599378,tkw,add,14,5
tkw_add_ran15_cv1.ghatREL1,0.560680457763259,tkw,add,15,1
tkw_add_ran15_cv2.ghatREL1,0.625535695835711,tkw,add,15,2
tkw_add_ran15_cv3.ghatREL1,0.819562459079707,tkw,add,15,3
tkw_add_ran15_cv4.ghatREL1,0.591332773492711,tkw,add,15,4
tkw_add_ran15_cv5.ghatREL1,0.313565815488893,tkw,add,15,5
tkw_add_ran16_cv1.ghatREL1,0.596780446242337,tkw,add,16,1
tkw_add_ran16_cv2.ghatREL1,0.731441391248977,tkw,add,16,2
tkw_add_ran16_cv3.ghatREL1,0.679346514562791,tkw,add,16,3
tkw_add_ran16_cv4.ghatREL1,0.324964768850067,tkw,add,16,4
tkw_add_ran16_cv5.ghatREL1,0.626937155014185,tkw,add,16,5
tkw_add_ran17_cv1.ghatREL1,0.751728193252533,tkw,add,17,1
tkw_add_ran17_cv2.ghatREL1,0.711648806538697,tkw,add,17,2
tkw_add_ran17_cv3.ghatREL1,0.702052162676563,tkw,add,17,3
tkw_add_ran17_cv4.ghatREL1,0.573859305653114,tkw,add,17,4
tkw_add_ran17_cv5.ghatREL1,0.581052150320953,tkw,add,17,5
tkw_add_ran18_cv1.ghatREL1,0.702029272213992,tkw,add,18,1
tkw_add_ran18_cv2.ghatREL1,0.763915218679687,tkw,add,18,2
tkw_add_ran18_cv3.ghatREL1,0.710758720528686,tkw,add,18,3
tkw_add_ran18_cv4.ghatREL1,0.630056729065201,tkw,add,18,4
tkw_add_ran18_cv5.ghatREL1,0.591992586152734,tkw,add,18,5
tkw_add_ran19_cv1.ghatREL1,0.60833097731938,tkw,add,19,1
tkw_add_ran19_cv2.ghatREL1,0.538161530790907,tkw,add,19,2
tkw_add_ran19_cv3.ghatREL1,0.56680367895152,tkw,add,19,3
tkw_add_ran19_cv4.ghatREL1,0.586378690821605,tkw,add,19,4
tkw_add_ran19_cv5.ghatREL1,0.669967959316773,tkw,add,19,5
tkw_add_ran1_cv1.ghatREL1,0.514062483729086,tkw,add,1,1
tkw_add_ran1_cv2.ghatREL1,0.695583875779416,tkw,add,1,2
tkw_add_ran1_cv3.ghatREL1,0.57924274314714,tkw,add,1,3
tkw_add_ran1_cv4.ghatREL1,0.466332536795628,tkw,add,1,4
tkw_add_ran1_cv5.ghatREL1,0.612391420335209,tkw,add,1,5
tkw_add_ran20_cv1.ghatREL1,0.63835393177,tkw,add,20,1
tkw_add_ran20_cv2.ghatREL1,0.70175988216065,tkw,add,20,2
tkw_add_ran20_cv3.ghatREL1,0.742328743581504,tkw,add,20,3
tkw_add_ran20_cv4.ghatREL1,0.615546257838067,tkw,add,20,4
tkw_add_ran20_cv5.ghatREL1,0.554769779535427,tkw,add,20,5
tkw_add_ran2_cv1.ghatREL1,0.71166871516601,tkw,add,2,1
tkw_add_ran2_cv2.ghatREL1,0.567147414950683,tkw,add,2,2
tkw_add_ran2_cv3.ghatREL1,0.660761895439314,tkw,add,2,3
tkw_add_ran2_cv4.ghatREL1,0.707002577968104,tkw,add,2,4
tkw_add_ran2_cv5.ghatREL1,0.605937467003784,tkw,add,2,5
tkw_add_ran3_cv1.ghatREL1,0.705700141406731,tkw,add,3,1
tkw_add_ran3_cv2.ghatREL1,0.557048152829671,tkw,add,3,2
tkw_add_ran3_cv3.ghatREL1,0.71052280343286,tkw,add,3,3
tkw_add_ran3_cv4.ghatREL1,0.748481140537796,tkw,add,3,4
tkw_add_ran3_cv5.ghatREL1,0.562389420307709,tkw,add,3,5
tkw_add_ran4_cv1.ghatREL1,0.68518926544405,tkw,add,4,1
tkw_add_ran4_cv2.ghatREL1,0.742881335389355,tkw,add,4,2
tkw_add_ran4_cv3.ghatREL1,0.623674697152018,tkw,add,4,3
tkw_add_ran4_cv4.ghatREL1,0.417365883278606,tkw,add,4,4
tkw_add_ran4_cv5.ghatREL1,0.662911920751257,tkw,add,4,5
tkw_add_ran5_cv1.ghatREL1,0.578313301766423,tkw,add,5,1
tkw_add_ran5_cv2.ghatREL1,0.591829870459929,tkw,add,5,2
tkw_add_ran5_cv3.ghatREL1,0.650573142905745,tkw,add,5,3
tkw_add_ran5_cv4.ghatREL1,0.560103753084273,tkw,add,5,4
tkw_add_ran5_cv5.ghatREL1,0.767506000023634,tkw,add,5,5
tkw_add_ran6_cv1.ghatREL1,0.520767663985631,tkw,add,6,1
tkw_add_ran6_cv2.ghatREL1,0.649451571180289,tkw,add,6,2
tkw_add_ran6_cv3.ghatREL1,0.668795617967177,tkw,add,6,3
tkw_add_ran6_cv4.ghatREL1,0.485513453141954,tkw,add,6,4
tkw_add_ran6_cv5.ghatREL1,0.735706080032003,tkw,add,6,5
tkw_add_ran7_cv1.ghatREL1,0.644692076225434,tkw,add,7,1
tkw_add_ran7_cv2.ghatREL1,0.716994388582903,tkw,add,7,2
tkw_add_ran7_cv3.ghatREL1,0.585298724394157,tkw,add,7,3
tkw_add_ran7_cv4.ghatREL1,0.653745316147542,tkw,add,7,4
tkw_add_ran7_cv5.ghatREL1,0.743834116703325,tkw,add,7,5
tkw_add_ran8_cv1.ghatREL1,0.72469494983067,tkw,add,8,1
tkw_add_ran8_cv2.ghatREL1,0.66706215694973,tkw,add,8,2
tkw_add_ran8_cv3.ghatREL1,0.600884833228247,tkw,add,8,3
tkw_add_ran8_cv4.ghatREL1,0.70252973759361,tkw,add,8,4
tkw_add_ran8_cv5.ghatREL1,0.375293272586207,tkw,add,8,5
tkw_add_ran9_cv1.ghatREL1,0.696621816428749,tkw,add,9,1
tkw_add_ran9_cv2.ghatREL1,0.497684710336525,tkw,add,9,2
tkw_add_ran9_cv3.ghatREL1,0.470379828683648,tkw,add,9,3
tkw_add_ran9_cv4.ghatREL1,0.627866198597141,tkw,add,9,4
tkw_add_ran9_cv5.ghatREL1,0.587135415787643,tkw,add,9,5
tkw_dom_ran10_cv1.ghatREL1,0.744509282752279,tkw,dom,10,1
tkw_dom_ran10_cv2.ghatREL1,0.744383535434566,tkw,dom,10,2
tkw_dom_ran10_cv3.ghatREL1,0.56907230483315,tkw,dom,10,3
tkw_dom_ran10_cv4.ghatREL1,0.744010437669106,tkw,dom,10,4
tkw_dom_ran10_cv5.ghatREL1,0.829990085016521,tkw,dom,10,5
tkw_dom_ran11_cv1.ghatREL1,0.842259461206583,tkw,dom,11,1
tkw_dom_ran11_cv2.ghatREL1,0.740105469393166,tkw,dom,11,2
tkw_dom_ran11_cv3.ghatREL1,0.780453234777611,tkw,dom,11,3
tkw_dom_ran11_cv4.ghatREL1,0.763362669154633,tkw,dom,11,4
tkw_dom_ran11_cv5.ghatREL1,0.711846147715486,tkw,dom,11,5
tkw_dom_ran12_cv1.ghatREL1,0.689330236590846,tkw,dom,12,1
tkw_dom_ran12_cv2.ghatREL1,0.807024449875264,tkw,dom,12,2
tkw_dom_ran12_cv3.ghatREL1,0.736968221121826,tkw,dom,12,3
tkw_dom_ran12_cv4.ghatREL1,0.692801218956431,tkw,dom,12,4
tkw_dom_ran12_cv5.ghatREL1,0.772623272268906,tkw,dom,12,5
tkw_dom_ran13_cv1.ghatREL1,0.723341993159767,tkw,dom,13,1
tkw_dom_ran13_cv2.ghatREL1,0.735526558043604,tkw,dom,13,2
tkw_dom_ran13_cv3.ghatREL1,0.750223011573737,tkw,dom,13,3
tkw_dom_ran13_cv4.ghatREL1,0.721857456465836,tkw,dom,13,4
tkw_dom_ran13_cv5.ghatREL1,0.708140203554832,tkw,dom,13,5
tkw_dom_ran14_cv1.ghatREL1,0.652930370481532,tkw,dom,14,1
tkw_dom_ran14_cv2.ghatREL1,0.689514528763533,tkw,dom,14,2
tkw_dom_ran14_cv3.ghatREL1,0.529470402736739,tkw,dom,14,3
tkw_dom_ran14_cv4.ghatREL1,0.824275779791599,tkw,dom,14,4
tkw_dom_ran14_cv5.ghatREL1,0.81952665394153,tkw,dom,14,5
tkw_dom_ran15_cv1.ghatREL1,0.739859466310267,tkw,dom,15,1
tkw_dom_ran15_cv2.ghatREL1,0.737351933577427,tkw,dom,15,2
tkw_dom_ran15_cv3.ghatREL1,0.85852131250225,tkw,dom,15,3
tkw_dom_ran15_cv4.ghatREL1,0.58868301649727,tkw,dom,15,4
tkw_dom_ran15_cv5.ghatREL1,0.343223863173165,tkw,dom,15,5
tkw_dom_ran16_cv1.ghatREL1,0.700310353728639,tkw,dom,16,1
tkw_dom_ran16_cv2.ghatREL1,0.871588921210556,tkw,dom,16,2
tkw_dom_ran16_cv3.ghatREL1,0.790905597527524,tkw,dom,16,3
tkw_dom_ran16_cv4.ghatREL1,0.613460599007315,tkw,dom,16,4
tkw_dom_ran16_cv5.ghatREL1,0.687810739356211,tkw,dom,16,5
tkw_dom_ran17_cv1.ghatREL1,0.815255219317799,tkw,dom,17,1
tkw_dom_ran17_cv2.ghatREL1,0.8072921794015,tkw,dom,17,2
tkw_dom_ran17_cv3.ghatREL1,0.788261722644024,tkw,dom,17,3
tkw_dom_ran17_cv4.ghatREL1,0.56935978151115,tkw,dom,17,4
tkw_dom_ran17_cv5.ghatREL1,0.695803844880559,tkw,dom,17,5
tkw_dom_ran18_cv1.ghatREL1,0.812528166688307,tkw,dom,18,1
tkw_dom_ran18_cv2.ghatREL1,0.842522742200196,tkw,dom,18,2
tkw_dom_ran18_cv3.ghatREL1,0.778459627165893,tkw,dom,18,3
tkw_dom_ran18_cv4.ghatREL1,0.73122174426398,tkw,dom,18,4
tkw_dom_ran18_cv5.ghatREL1,0.625682897676272,tkw,dom,18,5
tkw_dom_ran19_cv1.ghatREL1,0.809610318749247,tkw,dom,19,1
tkw_dom_ran19_cv2.ghatREL1,0.736958322314726,tkw,dom,19,2
tkw_dom_ran19_cv3.ghatREL1,0.718052088011145,tkw,dom,19,3
tkw_dom_ran19_cv4.ghatREL1,0.642060304361944,tkw,dom,19,4
tkw_dom_ran19_cv5.ghatREL1,0.785120424735768,tkw,dom,19,5
tkw_dom_ran1_cv1.ghatREL1,0.708140203554832,tkw,dom,1,1
tkw_dom_ran1_cv2.ghatREL1,0.685855576395419,tkw,dom,1,2
tkw_dom_ran1_cv3.ghatREL1,0.701442883713051,tkw,dom,1,3
tkw_dom_ran1_cv4.ghatREL1,0.640327194171509,tkw,dom,1,4
tkw_dom_ran1_cv5.ghatREL1,0.742233068432294,tkw,dom,1,5
tkw_dom_ran20_cv1.ghatREL1,0.760586873728774,tkw,dom,20,1
tkw_dom_ran20_cv2.ghatREL1,0.696898652886624,tkw,dom,20,2
tkw_dom_ran20_cv3.ghatREL1,0.815232635428672,tkw,dom,20,3
tkw_dom_ran20_cv4.ghatREL1,0.780596281986106,tkw,dom,20,4
tkw_dom_ran20_cv5.ghatREL1,0.787672722717967,tkw,dom,20,5
tkw_dom_ran2_cv1.ghatREL1,0.776882712056416,tkw,dom,2,1
tkw_dom_ran2_cv2.ghatREL1,0.692229184799871,tkw,dom,2,2
tkw_dom_ran2_cv3.ghatREL1,0.791960863949309,tkw,dom,2,3
tkw_dom_ran2_cv4.ghatREL1,0.741219016792585,tkw,dom,2,4
tkw_dom_ran2_cv5.ghatREL1,0.6813854926313,tkw,dom,2,5
tkw_dom_ran3_cv1.ghatREL1,0.768404022844556,tkw,dom,3,1
tkw_dom_ran3_cv2.ghatREL1,0.703059443805077,tkw,dom,3,2
tkw_dom_ran3_cv3.ghatREL1,0.830202543813427,tkw,dom,3,3
tkw_dom_ran3_cv4.ghatREL1,0.806613585903042,tkw,dom,3,4
tkw_dom_ran3_cv5.ghatREL1,0.730781950537466,tkw,dom,3,5
tkw_dom_ran4_cv1.ghatREL1,0.81731128284468,tkw,dom,4,1
tkw_dom_ran4_cv2.ghatREL1,0.831654289100878,tkw,dom,4,2
tkw_dom_ran4_cv3.ghatREL1,0.749935930765057,tkw,dom,4,3
tkw_dom_ran4_cv5.ghatREL1,0.655163047418074,tkw,dom,4,5
tkw_dom_ran5_cv1.ghatREL1,0.713410272094682,tkw,dom,5,1
tkw_dom_ran5_cv2.ghatREL1,0.731241600481766,tkw,dom,5,2
tkw_dom_ran5_cv3.ghatREL1,0.743506856920484,tkw,dom,5,3
tkw_dom_ran5_cv4.ghatREL1,0.748237020525478,tkw,dom,5,4
tkw_dom_ran5_cv5.ghatREL1,0.82153418152495,tkw,dom,5,5
tkw_dom_ran6_cv1.ghatREL1,0.658191562825334,tkw,dom,6,1
tkw_dom_ran6_cv2.ghatREL1,0.710599057031966,tkw,dom,6,2
tkw_dom_ran6_cv3.ghatREL1,0.773561738438776,tkw,dom,6,3
tkw_dom_ran6_cv4.ghatREL1,0.65427990812102,tkw,dom,6,4
tkw_dom_ran6_cv5.ghatREL1,0.832989539533762,tkw,dom,6,5
tkw_dom_ran7_cv1.ghatREL1,0.757063162350882,tkw,dom,7,1
tkw_dom_ran7_cv2.ghatREL1,0.783987539825282,tkw,dom,7,2
tkw_dom_ran7_cv3.ghatREL1,0.701568680793671,tkw,dom,7,3
tkw_dom_ran7_cv4.ghatREL1,0.784736545742629,tkw,dom,7,4
tkw_dom_ran7_cv5.ghatREL1,0.81308774101917,tkw,dom,7,5
tkw_dom_ran8_cv1.ghatREL1,0.787104505689578,tkw,dom,8,1
tkw_dom_ran8_cv2.ghatREL1,0.6660218708927,tkw,dom,8,2
tkw_dom_ran8_cv3.ghatREL1,0.700375119244108,tkw,dom,8,3
tkw_dom_ran8_cv4.ghatREL1,0.781064676287491,tkw,dom,8,4
tkw_dom_ran8_cv5.ghatREL1,0.588541629412182,tkw,dom,8,5
tkw_dom_ran9_cv1.ghatREL1,0.812104809096442,tkw,dom,9,1
tkw_dom_ran9_cv2.ghatREL1,0.656643283177707,tkw,dom,9,2
tkw_dom_ran9_cv3.ghatREL1,0.638794946032726,tkw,dom,9,3
tkw_dom_ran9_cv4.ghatREL1,0.734226695947424,tkw,dom,9,4
tkw_dom_ran9_cv5.ghatREL1,0.683845742738949,tkw,dom,9,5
